"V1","V2","V3","V4","V5","V6","V7","V8","V9","V10","V11","V12","V13","V14","V15","V16","V17","V18","V19","V20","V21","V22","V23","V24","V25","V26","V27","V28","V29","V30","V31","V32","V33","V34","V35","V36","V37","V38","V39","V40","V41","V42","V43","V44","V45","V46","V47","V48","V49","V50","V51","V52","V53","V54","V55","V56","V57","V58","V59","V60","V61","V62","V63","V64","V65","V66","V67","V68","V69","V70","V71","V72","V73","V74","V75","V76","V77","V78","V79","V80","V81","V82","V83","V84","V85","V86","V87","V88","V89","V90","V91","V92","V93","V94","V95","V96","V97","V98","V99","V100"
0,0,0,0,21,0,0,0,0,2,3,1,0,1,0,0,5,0,0,1,0,0,7,5,3,49,71,1,0,2,101,0,3,0,10,0,0,12,2,0,0,4,0,1,0,0,0,18,0,2,0,0,0,0,0,1,0,0,0,0,4,2,0,5,0,15,4,2,1,0,0,0,3,0,7,0,4,0,17,0,1,1,1,3,62,24,5,0,1,0,1,19,1,19,0,0,0,2,7,0
0,18,10,14,1,13,16,1,2,0,0,0,1,0,14,11,0,325,0,0,10,10,0,0,0,0,0,0,3,6,0,0,0,5,0,0,4,0,0,33,0,0,4,0,1,11,11,0,14,0,0,9,4,6,5,1,6,0,10,0,0,0,0,0,1,0,0,0,0,0,0,16,2,3,1,9,0,0,0,3,0,7,4,0,0,0,0,0,0,0,2,1,1,0,12,1,13,0,1,0
1,1,0,31,0,0,46,0,10,0,0,0,0,0,0,50,0,4,1,0,0,82,0,1,1,0,0,1,0,0,0,0,0,0,0,0,0,0,0,2,0,0,0,0,0,0,0,0,6,0,0,34,0,0,34,0,0,1,1,0,0,0,0,0,0,0,0,2,0,0,1,0,1,0,0,2,0,0,0,3,0,1,0,1,0,0,0,4,0,0,2,0,2,1,6,0,4,0,0,2
15,0,1,1,1,0,1,0,5,4,3,13,0,0,0,0,0,0,45,0,0,0,0,3,8,0,0,3,0,0,0,9,5,0,0,49,0,1,0,0,0,0,0,5,0,0,0,0,2,7,0,2,0,0,7,0,0,43,1,105,0,0,1,1,0,0,0,6,0,16,21,0,1,0,0,3,1,0,1,6,2,0,1,5,0,0,3,18,0,14,9,1,6,0,4,1,0,1,1,6
5,0,0,20,0,0,40,0,10,0,1,0,0,0,0,45,0,4,0,0,0,108,0,0,1,0,0,0,0,1,0,2,0,0,0,0,1,0,0,2,0,0,0,0,0,0,0,0,5,0,0,24,0,0,33,0,0,3,0,0,0,0,0,0,0,0,0,0,0,0,3,2,0,0,0,5,0,0,0,5,0,0,0,0,0,0,0,8,0,0,0,0,1,0,13,0,3,0,0,1
0,1,4,0,1,0,0,10,0,0,0,0,25,19,0,0,0,0,0,3,1,0,0,1,0,1,0,0,18,3,1,0,0,4,2,0,1,0,3,1,76,3,6,0,9,0,0,1,0,0,18,0,4,1,0,18,1,0,5,0,7,25,0,0,26,1,0,0,10,0,0,1,2,13,4,0,0,7,1,0,0,0,2,0,1,0,0,0,35,0,0,0,0,0,0,5,0,1,0,0
0,0,0,0,0,0,0,0,0,0,0,1,0,0,0,0,0,0,2,0,0,0,0,0,1,0,0,0,0,0,0,1,0,0,0,4,0,0,0,0,0,0,0,0,0,0,0,0,0,0,0,0,0,0,0,0,0,1,0,5,0,0,0,0,0,0,0,0,0,1,0,0,0,0,0,1,0,0,0,0,0,0,1,0,0,0,0,0,0,0,0,0,1,0,0,0,0,0,0,0
0,0,0,0,20,0,0,0,0,2,1,0,3,0,0,0,2,0,0,0,0,0,4,3,2,38,58,3,0,0,86,0,2,1,11,0,0,12,3,0,0,3,0,0,0,0,0,9,0,2,0,0,0,0,0,2,1,1,0,0,5,1,0,10,0,19,9,1,1,0,0,0,2,0,12,0,2,0,28,1,4,0,1,1,60,22,3,0,0,0,0,9,0,12,0,1,0,2,8,0
0,0,0,0,16,0,0,0,0,2,4,0,2,0,0,0,3,0,0,0,0,0,7,4,0,23,41,4,0,1,81,0,1,2,12,0,1,4,1,0,1,3,0,1,1,0,0,11,0,0,0,0,0,0,0,1,0,0,0,0,6,0,1,7,0,16,7,0,0,0,0,0,4,0,7,1,1,0,7,0,4,0,0,0,43,23,0,0,1,0,1,9,0,23,0,0,0,1,2,3
0,0,0,0,5,0,0,0,0,0,1,0,0,0,0,0,0,0,0,0,0,0,1,1,0,3,16,0,0,1,11,0,0,0,0,0,0,0,0,0,1,0,0,0,0,0,0,3,0,0,0,0,0,0,0,0,0,0,0,0,0,0,1,3,0,3,4,0,0,0,0,0,1,0,0,0,0,0,4,0,3,0,0,0,18,5,0,0,0,1,0,1,0,4,0,0,0,1,1,0
0,1,0,0,18,0,0,0,0,2,5,1,3,0,0,0,1,0,0,0,0,0,3,7,2,35,61,5,0,0,87,1,2,0,17,0,0,7,1,0,0,5,0,2,1,0,0,13,0,1,0,0,0,1,0,1,0,0,1,0,2,1,0,5,0,20,9,0,0,0,1,0,0,0,4,0,6,0,22,0,8,1,2,0,79,14,5,0,0,0,0,15,0,20,0,0,0,1,4,1
0,0,2,0,19,0,0,0,0,0,1,1,16,12,1,0,0,0,0,2,3,0,1,9,0,3,3,1,2,5,2,0,2,8,10,0,0,5,5,0,9,16,1,2,2,0,0,29,2,1,2,0,3,0,0,14,1,1,6,0,99,3,0,0,3,11,0,1,7,0,0,2,38,2,36,1,9,0,2,0,0,6,7,1,2,16,2,0,13,0,1,6,0,14,0,18,1,12,19,1
0,0,0,0,4,0,0,0,0,0,0,1,2,2,0,0,0,0,0,0,0,0,0,2,0,0,0,0,0,1,0,0,0,1,2,0,0,1,1,0,0,2,0,0,1,0,0,6,0,0,0,0,0,0,0,1,0,0,1,0,9,0,0,0,0,1,0,2,0,0,0,0,6,0,4,0,1,0,0,0,0,1,3,0,0,4,0,0,2,0,0,0,0,0,0,4,0,2,2,0
1,0,0,0,0,0,0,0,0,0,0,0,0,1,0,1,0,0,0,0,0,1,0,0,0,0,0,0,0,1,0,1,0,0,0,0,0,0,2,0,0,0,0,0,0,0,0,0,6,0,0,0,1,0,1,0,0,1,1,0,1,0,0,0,0,0,0,1,0,0,0,2,0,0,0,13,0,0,0,1,0,0,1,1,0,0,0,1,0,0,2,0,1,0,7,1,0,0,0,2
3,0,0,18,0,0,17,0,3,0,0,0,0,0,0,30,0,2,1,0,0,33,0,0,0,0,0,0,0,0,0,0,0,0,0,0,1,0,0,0,0,0,0,0,0,0,0,0,2,0,0,9,0,0,15,0,0,0,0,1,0,0,0,0,0,0,0,0,0,0,2,0,0,0,0,3,0,0,0,2,0,1,0,0,0,0,0,1,0,0,0,0,0,0,4,0,1,0,0,0
0,2,1,0,1,0,0,14,0,0,0,0,21,30,2,0,0,0,0,7,1,0,0,1,0,0,0,0,18,4,2,0,0,5,2,0,0,0,0,0,77,3,8,0,5,2,2,3,0,0,20,0,3,0,0,13,3,0,1,0,9,38,0,0,26,1,0,0,11,0,0,0,1,8,3,0,1,6,0,0,0,1,4,0,0,1,0,0,40,0,0,0,0,0,0,4,0,2,0,0
1,0,0,0,3,0,0,0,0,0,1,1,8,4,0,0,0,0,0,1,0,0,0,2,0,0,2,1,1,2,1,1,0,6,3,0,1,0,2,1,2,4,0,0,2,0,0,5,0,0,0,0,1,0,0,5,0,0,2,0,25,4,0,0,0,5,1,1,0,0,0,0,12,1,8,0,2,1,0,0,0,2,0,0,2,8,0,0,5,0,0,5,1,4,0,4,0,0,8,0
1,0,0,0,32,0,0,0,0,2,8,2,1,1,0,0,7,0,0,1,0,0,8,9,2,62,104,5,0,1,155,2,0,1,16,0,0,21,5,0,3,13,0,6,0,0,0,27,0,8,0,0,0,0,0,3,0,0,1,0,10,1,0,7,0,22,7,1,2,1,0,1,5,1,10,0,11,0,34,0,12,2,2,5,106,42,7,0,0,1,0,26,0,33,0,3,0,2,8,1
13,0,0,5,0,0,2,0,3,0,2,1,1,1,2,1,0,0,1,0,1,1,0,3,3,0,0,0,0,4,0,4,2,0,0,2,2,0,5,2,0,0,0,0,1,0,0,1,33,1,0,5,0,0,6,0,0,5,1,1,0,0,2,0,0,0,0,8,0,0,5,16,0,0,0,36,2,0,0,25,0,2,2,2,0,0,0,2,0,0,11,0,2,0,26,1,18,6,1,4
1,0,0,0,18,0,0,0,0,1,3,1,2,1,0,0,6,0,0,0,0,0,6,1,1,40,91,7,1,2,71,1,2,0,18,0,1,11,0,0,0,6,0,3,0,0,0,8,1,1,0,0,0,0,0,0,0,0,0,0,3,1,3,11,0,12,16,0,2,1,0,0,3,0,8,0,7,0,26,0,9,1,1,2,84,23,3,0,0,0,1,10,0,19,0,1,0,0,4,0
0,0,0,0,15,0,0,0,0,0,4,0,0,0,0,0,4,0,0,0,0,0,3,1,1,32,67,4,0,0,52,0,2,1,9,0,0,8,1,0,0,3,0,0,0,0,0,7,0,1,0,0,0,0,0,1,0,0,1,0,1,1,1,3,0,7,11,0,2,1,0,0,1,0,3,0,2,0,13,0,5,2,1,1,65,23,2,0,0,1,0,6,0,15,0,1,0,0,7,1
8,0,0,21,0,0,38,0,12,0,0,0,0,0,1,38,0,5,0,0,0,58,0,0,0,0,0,0,0,0,0,0,0,0,0,0,0,0,0,0,0,0,0,1,0,1,0,0,2,0,0,18,0,0,29,0,2,5,0,1,0,0,0,0,0,0,0,0,0,1,2,1,0,0,0,2,0,0,0,1,0,0,0,0,0,0,0,3,0,0,3,0,0,0,6,0,4,1,0,0
4,0,0,21,0,0,30,0,13,0,0,0,0,0,0,50,0,2,0,0,0,89,0,0,0,0,0,0,0,0,0,2,0,0,0,0,1,0,1,2,0,0,0,0,0,0,0,0,3,0,0,22,0,0,30,0,0,1,0,1,0,0,0,0,0,0,0,0,0,0,0,5,0,0,0,9,1,0,0,2,0,1,0,0,0,0,0,7,0,0,1,1,1,0,8,0,5,0,0,1
0,0,0,0,10,0,0,0,0,0,3,0,0,0,0,0,3,0,0,0,0,0,7,2,2,26,53,3,0,1,46,0,1,0,5,0,0,9,0,0,0,4,0,0,1,0,0,9,0,1,0,0,0,0,0,0,0,0,0,0,2,1,1,3,0,4,8,0,0,0,2,0,1,0,7,0,4,0,15,0,7,0,1,3,67,12,2,0,0,0,0,10,1,12,0,0,0,0,5,0
24,2,1,37,0,1,1,0,9,0,2,6,2,0,3,5,3,3,2,0,3,9,0,7,3,1,1,2,0,4,0,21,2,3,0,5,5,2,15,3,0,0,0,3,1,0,1,0,80,2,0,21,3,0,14,1,1,6,5,3,0,0,2,0,0,0,0,14,0,0,23,33,2,0,1,143,5,1,0,61,0,11,9,2,0,0,0,12,1,2,30,2,22,2,78,2,49,12,3,21
8,0,0,6,1,0,1,0,0,0,0,0,0,1,0,4,0,2,1,0,0,1,1,2,1,0,0,2,1,2,0,9,0,1,0,2,3,2,5,1,0,0,0,1,0,1,0,0,30,0,0,4,0,0,5,2,0,6,2,3,0,0,0,0,0,0,0,4,0,3,6,13,0,0,0,45,0,1,0,18,1,3,1,1,0,0,0,1,0,2,12,0,8,0,31,0,23,3,2,7
0,0,0,0,16,0,0,0,0,0,4,1,1,1,0,0,10,0,0,1,0,0,7,4,1,38,104,3,0,0,63,0,0,0,11,0,0,6,3,0,1,5,0,1,0,0,0,12,0,0,0,0,0,0,0,2,0,2,0,0,4,0,2,7,1,11,7,0,0,1,0,0,1,0,5,0,5,1,32,0,11,1,0,1,120,23,6,0,0,0,0,22,2,22,0,1,0,0,7,1
0,1,1,0,0,1,0,14,0,0,0,0,13,8,1,0,0,0,0,2,0,0,0,1,0,0,0,0,8,4,0,0,0,8,0,0,2,1,2,0,50,3,8,0,6,1,0,4,0,1,4,0,3,0,0,8,3,0,2,0,5,24,0,0,11,2,0,0,5,0,0,0,1,9,4,0,1,3,0,0,0,1,1,0,0,0,0,0,25,1,0,0,0,1,0,4,0,1,3,0
0,13,5,22,0,21,28,0,3,0,0,0,1,1,17,9,0,336,0,0,17,16,1,0,0,0,0,0,3,8,0,0,0,2,0,0,9,0,1,24,1,0,3,0,4,19,9,0,15,0,0,11,6,10,12,0,6,1,4,2,1,0,0,0,0,0,0,1,1,0,4,14,2,2,0,8,0,4,0,2,0,0,1,0,0,0,0,3,0,0,3,0,2,0,4,2,14,1,0,1
8,1,0,36,0,0,63,0,16,0,0,1,0,0,0,86,1,5,4,0,0,133,0,1,0,0,0,0,0,0,0,2,0,0,0,0,0,0,0,3,0,0,0,0,0,0,0,0,10,1,0,43,0,0,60,0,0,2,2,1,0,0,0,0,0,0,0,0,0,0,2,3,1,0,0,9,1,0,0,5,0,0,1,1,0,0,0,11,0,0,4,0,0,0,15,0,8,0,0,0
0,1,0,1,0,0,4,0,0,0,0,0,0,0,0,1,0,27,0,0,0,1,0,0,0,0,0,0,0,0,0,1,0,0,0,0,0,0,1,3,0,0,0,0,1,2,1,0,3,0,0,4,1,0,1,0,1,0,2,0,0,0,0,0,0,0,0,0,0,0,0,2,0,0,0,0,0,0,0,0,0,0,0,0,0,0,0,0,0,0,0,0,0,0,2,0,2,0,0,0
0,0,0,0,18,0,0,0,0,0,4,0,2,0,0,0,2,0,0,1,1,0,9,4,2,36,58,4,1,0,65,0,0,2,23,0,1,9,5,0,0,6,0,2,0,0,0,5,0,4,0,0,0,0,0,1,0,0,0,0,2,0,0,2,0,9,17,0,0,0,0,0,2,0,14,0,3,0,17,0,8,1,1,1,56,19,2,0,1,1,0,9,3,19,0,0,0,2,7,2
1,0,2,0,12,1,0,2,0,1,3,2,11,10,0,0,1,0,0,2,1,1,1,7,1,2,1,3,2,2,3,0,0,3,6,0,2,7,9,1,6,13,1,0,3,0,1,23,0,2,1,1,1,0,0,10,2,1,11,0,70,8,0,0,1,11,1,0,5,0,0,0,36,0,20,0,7,2,6,2,1,8,12,0,0,7,3,0,9,0,1,0,0,4,2,9,0,3,18,2
1,1,0,0,12,0,0,1,0,1,1,1,16,4,1,0,1,0,0,3,0,0,0,9,2,3,3,0,5,8,7,1,0,3,6,0,2,4,7,0,5,14,0,0,3,1,0,10,0,1,1,1,1,0,0,16,0,0,6,0,65,6,2,0,2,9,4,5,2,0,0,0,34,1,26,0,11,3,2,0,2,7,12,1,3,6,1,0,12,0,1,8,0,4,0,13,0,5,18,0
11,0,0,2,0,0,0,0,2,4,1,8,0,0,0,0,0,0,36,0,0,1,0,0,5,0,1,2,0,0,1,6,2,0,0,36,0,2,0,0,0,0,0,5,0,0,0,0,2,4,0,2,0,0,3,0,0,35,0,67,0,0,0,0,0,0,1,5,0,9,12,0,0,0,0,2,0,0,1,5,1,0,1,3,0,2,4,14,0,13,6,1,7,0,4,0,0,0,0,1
3,13,6,11,0,10,25,2,3,0,0,0,1,1,8,18,0,332,0,0,13,9,0,0,1,0,0,0,0,7,0,2,0,2,0,0,14,0,1,17,0,0,4,0,4,10,14,0,14,0,1,6,5,4,7,0,3,1,8,0,0,0,0,0,1,0,0,0,0,0,3,15,1,0,0,2,1,2,0,1,0,1,3,1,0,1,0,1,0,0,1,0,1,0,7,2,16,1,0,3
5,0,0,0,0,0,0,0,2,3,1,3,0,0,0,0,1,0,12,0,0,2,0,1,5,0,0,1,0,0,0,1,2,0,0,12,0,0,0,0,0,0,0,1,0,0,0,0,1,1,0,1,0,0,0,0,0,10,0,23,0,0,0,0,0,0,0,1,0,5,2,0,0,0,0,1,0,0,0,0,0,0,0,0,0,0,2,4,0,6,0,0,4,0,0,0,0,0,0,0
2,17,8,22,0,16,26,1,1,0,1,0,3,0,12,16,0,363,0,0,10,14,0,2,0,0,0,1,1,4,0,2,0,4,0,0,10,1,1,14,1,0,3,0,2,18,12,0,6,0,1,7,8,5,8,0,4,1,2,0,2,0,0,0,1,0,0,1,0,0,1,12,0,0,0,15,1,3,0,5,0,2,3,0,0,1,0,0,0,0,1,0,0,0,12,1,14,1,0,1
21,0,0,3,0,0,1,0,8,2,4,20,0,0,0,2,2,0,63,0,0,1,1,0,14,0,0,3,0,0,0,8,9,0,0,53,1,1,3,0,0,0,0,12,0,0,0,0,3,4,0,7,0,1,2,1,0,70,0,109,0,0,7,0,0,0,1,3,0,9,23,1,0,0,0,2,4,0,3,10,1,0,0,3,0,0,2,21,0,27,10,0,9,0,1,0,3,1,0,11
33,0,0,2,1,0,2,0,10,10,5,14,0,0,0,1,6,1,65,0,0,2,1,2,13,0,1,5,0,0,0,7,8,0,0,83,0,1,2,1,0,0,0,9,0,0,0,0,3,4,0,2,0,0,6,0,0,81,0,149,0,0,7,2,0,0,0,13,0,15,24,0,0,0,0,5,1,0,1,9,5,1,1,12,0,1,10,18,0,23,14,0,12,0,10,1,0,2,2,7
10,0,0,20,0,0,4,1,4,2,3,2,0,0,4,7,0,3,4,0,2,3,0,5,3,0,0,1,0,2,0,13,1,2,1,1,4,2,5,7,0,0,0,1,1,3,0,0,55,0,0,15,4,0,9,0,0,4,2,8,1,0,1,0,0,0,0,12,0,1,17,24,0,0,0,80,5,0,1,43,2,8,6,0,0,1,1,6,0,0,22,0,11,2,54,3,29,9,1,22
0,0,0,0,14,0,0,0,0,3,3,2,1,0,0,0,2,0,0,1,0,0,3,3,2,28,49,0,0,0,27,0,0,0,4,0,0,2,1,0,0,1,0,1,0,0,0,10,0,0,0,0,0,0,0,1,0,0,0,0,3,0,2,4,0,3,7,0,0,0,0,0,2,0,5,0,3,0,14,0,6,1,0,0,53,11,0,0,0,0,0,10,0,14,0,1,0,1,4,0
1,0,2,0,19,0,0,2,0,0,4,2,24,9,1,0,1,0,0,4,1,0,0,8,3,7,4,4,1,9,4,0,1,9,9,0,1,2,10,2,12,20,3,0,4,0,0,25,1,0,3,0,1,2,0,25,0,0,9,0,106,4,0,0,1,16,0,2,4,0,0,2,37,2,26,2,9,3,6,1,3,8,15,1,1,13,0,0,13,0,1,4,1,3,1,19,0,6,16,0
21,1,0,23,1,0,6,1,5,2,0,6,0,2,0,3,1,4,4,0,1,4,0,4,5,0,0,4,0,4,1,18,1,2,0,4,6,1,12,9,0,0,0,5,0,0,0,2,73,3,0,29,3,0,17,0,3,11,1,4,1,0,1,0,0,0,0,17,0,2,23,29,0,0,0,143,2,1,2,63,0,4,6,1,0,1,2,10,0,4,35,2,14,2,80,2,50,10,1,21
0,0,0,0,19,0,0,0,0,2,3,1,1,0,0,0,5,0,0,2,0,0,5,4,0,48,66,4,0,1,94,0,2,2,12,0,0,5,0,0,0,4,0,1,1,0,0,14,0,1,0,0,0,0,0,2,0,0,0,0,5,1,2,1,0,14,11,2,2,0,0,0,1,0,10,0,5,0,22,1,5,1,1,2,63,19,5,0,2,0,1,17,0,12,0,3,0,5,8,1
0,0,0,0,13,0,0,0,0,4,1,0,1,0,0,0,2,0,0,0,0,0,5,2,0,27,45,1,0,1,49,1,0,1,8,0,0,5,0,0,0,2,0,1,0,0,0,11,0,0,0,0,0,0,0,1,0,0,1,0,2,0,1,4,0,11,14,1,2,0,0,0,1,0,5,0,4,1,12,0,6,0,3,1,48,7,3,0,0,0,0,11,0,11,0,0,0,1,5,0
0,0,0,1,16,0,0,0,0,2,6,2,0,0,0,0,3,0,0,0,0,0,5,3,2,26,67,0,0,0,52,0,2,0,9,1,0,3,0,0,0,3,0,2,0,0,0,8,0,0,0,0,0,0,0,0,0,0,1,0,0,0,1,4,0,11,12,1,0,0,0,0,2,0,4,0,5,0,21,0,6,1,0,1,71,17,5,0,0,0,0,5,1,11,0,1,1,0,3,0
15,2,1,23,0,1,10,0,5,0,4,4,0,0,1,2,3,3,4,0,1,7,0,4,4,1,0,3,0,7,0,24,1,4,0,4,8,1,12,7,0,0,0,0,0,1,0,1,65,0,0,21,0,0,15,1,0,12,1,7,1,0,1,0,0,0,0,21,0,0,19,27,2,0,1,124,3,0,0,56,0,6,4,3,1,0,3,11,1,1,33,1,22,1,58,5,45,6,5,20
2,12,8,7,0,10,22,0,2,0,0,1,1,1,9,16,1,277,0,0,13,13,0,0,1,0,0,0,3,4,0,2,0,1,0,0,6,0,1,19,1,0,0,0,2,14,11,0,7,0,0,6,7,2,5,0,8,0,10,0,0,0,1,0,1,0,0,2,0,0,2,15,0,1,0,2,0,0,0,3,0,3,2,0,0,0,0,2,1,0,3,0,0,0,11,0,12,1,0,1
0,0,6,0,2,1,0,19,0,0,0,1,29,37,2,0,0,1,0,10,3,0,0,2,0,2,0,0,29,11,0,0,0,9,3,0,6,0,0,2,120,13,14,0,14,1,0,2,0,0,40,0,6,3,0,40,5,0,0,0,10,57,0,0,53,5,0,0,20,0,0,3,7,15,7,0,0,10,2,1,0,2,5,0,1,0,0,0,73,0,0,0,1,0,0,9,1,0,1,0
0,2,3,0,4,1,0,29,0,0,0,0,36,33,2,0,0,0,0,6,0,0,0,1,0,1,0,2,21,6,0,0,0,6,4,0,2,0,1,2,125,12,8,0,14,2,0,1,0,0,37,0,9,2,0,21,1,0,1,0,7,43,0,0,48,7,0,0,15,0,0,1,5,22,11,0,3,9,0,0,0,2,8,0,0,2,0,0,63,0,0,0,0,2,0,7,2,1,2,0
21,0,0,1,0,0,1,0,10,5,1,13,0,0,0,0,5,0,31,0,0,0,2,0,16,0,0,2,0,1,0,8,6,0,0,60,0,1,2,0,0,0,0,3,0,0,0,0,0,6,0,3,0,0,4,0,0,59,0,125,0,0,2,0,0,0,0,7,0,12,29,2,2,0,0,5,0,0,1,10,2,0,0,5,0,0,1,15,0,19,5,2,11,2,5,1,0,0,1,5
0,0,0,0,2,0,0,0,0,0,1,0,1,0,0,0,0,0,0,0,0,0,1,2,0,2,2,0,0,0,6,0,0,0,0,0,0,0,1,0,0,1,0,1,0,0,0,4,0,0,0,1,0,0,0,0,0,0,0,0,0,0,0,0,0,1,0,0,0,0,0,0,0,0,3,0,2,0,1,0,0,0,0,0,2,2,0,0,0,0,0,1,0,1,0,0,0,0,1,0
0,1,2,0,9,0,0,0,1,0,1,0,14,7,0,0,0,0,0,2,0,0,1,3,4,3,3,3,1,6,1,0,0,4,5,0,2,4,1,0,3,2,0,0,3,0,0,13,2,2,1,0,2,0,0,11,0,0,7,0,58,2,1,0,1,3,0,1,4,0,0,0,17,1,16,0,2,0,4,0,2,5,9,0,1,8,0,0,10,0,0,6,1,3,0,7,0,3,16,1
0,0,0,0,28,0,0,0,0,1,7,0,0,0,0,0,11,0,0,0,0,0,12,9,2,62,173,4,0,2,112,1,1,0,22,0,0,21,2,0,1,9,0,1,1,0,0,15,0,3,0,0,0,0,0,1,0,0,1,0,4,2,3,12,0,18,22,0,3,0,0,0,6,0,9,0,6,0,36,0,9,0,1,1,167,38,4,0,2,0,0,16,0,28,0,0,0,1,7,0
18,1,1,11,1,0,3,0,6,0,1,2,0,0,0,4,1,1,3,0,1,6,0,3,3,0,1,2,0,6,0,17,3,1,0,4,3,1,7,2,0,0,0,0,2,1,0,1,46,0,0,12,0,0,8,0,0,8,4,0,0,0,0,0,0,0,0,9,0,1,17,13,4,1,0,76,1,0,2,30,1,9,1,0,0,0,3,4,0,1,22,1,9,0,44,3,35,4,0,11
0,0,0,0,13,0,0,0,0,2,1,1,1,0,0,0,8,0,0,2,0,0,7,6,2,42,81,4,0,0,81,0,0,0,6,0,0,11,2,0,0,3,0,0,0,0,0,6,0,1,0,0,0,0,0,1,0,0,1,0,4,0,3,9,0,8,15,0,0,0,0,0,4,0,5,0,1,1,24,0,5,0,0,0,85,25,2,0,0,0,0,11,0,22,0,1,1,3,11,0
7,1,1,9,1,0,5,0,4,0,2,3,1,0,1,0,3,3,3,0,2,4,0,1,3,0,0,1,0,2,0,11,0,3,0,1,4,1,6,3,0,0,0,1,0,0,0,2,31,2,0,9,1,0,12,1,1,8,2,3,1,0,2,0,0,0,0,7,0,2,16,14,1,0,1,66,1,0,0,29,0,4,2,0,0,0,0,1,0,3,20,0,9,0,36,0,33,2,0,7
0,0,0,9,0,0,13,0,2,0,0,1,0,0,0,15,0,2,0,0,0,19,0,0,0,0,0,0,0,0,0,1,0,0,0,0,0,0,0,0,0,0,0,0,0,0,0,0,0,0,0,5,0,0,13,0,0,2,0,0,0,0,0,0,0,0,0,0,0,0,0,0,0,0,0,0,0,0,0,3,0,0,1,0,0,0,0,2,0,0,0,0,0,0,5,0,2,0,0,0
4,0,1,57,0,0,74,0,31,0,0,0,0,1,0,102,0,6,2,0,1,197,0,0,1,0,0,1,0,1,0,1,0,0,0,0,3,0,0,1,0,0,0,0,0,2,0,0,6,0,0,62,1,0,69,0,1,3,2,3,0,0,0,0,0,0,0,1,0,1,5,7,0,0,0,13,0,0,0,7,0,3,0,0,0,0,0,13,1,2,2,0,3,0,19,0,9,3,0,4
0,0,0,0,0,0,0,0,0,0,0,1,0,0,0,0,0,0,0,0,0,0,0,0,0,0,0,0,0,0,0,0,0,0,0,1,0,0,0,0,0,0,0,0,0,0,0,0,0,0,0,0,0,0,0,0,0,2,0,4,0,0,0,0,0,0,0,0,0,0,0,0,0,0,0,0,0,0,0,0,0,0,0,0,0,0,0,0,0,2,0,0,0,0,0,0,0,0,0,0
15,0,0,0,0,0,0,0,4,4,5,13,0,0,0,2,1,0,38,0,0,1,0,1,14,0,0,2,0,0,0,3,5,0,0,57,0,3,2,0,0,0,0,3,0,0,0,0,2,5,0,3,0,0,1,0,0,43,1,94,0,0,1,0,0,0,0,8,0,16,12,2,0,0,0,1,2,0,0,2,1,0,0,5,0,0,1,17,0,14,4,1,7,0,2,0,0,0,0,7
0,0,1,12,0,0,20,0,9,0,0,0,0,0,0,24,0,2,0,0,0,36,0,0,0,0,0,0,0,0,0,2,0,0,0,0,1,0,0,1,1,0,0,0,0,0,0,0,0,0,0,16,0,0,17,0,0,2,0,0,0,0,0,0,0,0,0,0,0,0,0,2,0,0,0,2,0,0,0,2,0,1,0,0,0,0,0,5,0,0,1,0,0,0,2,0,3,0,0,2
0,3,5,7,0,5,6,0,1,1,0,0,1,0,3,6,0,128,0,0,3,3,0,0,0,0,0,0,0,3,0,2,0,0,0,0,4,0,0,9,0,0,0,0,0,7,3,0,6,0,0,2,1,4,1,0,3,0,2,0,0,0,0,0,1,0,0,2,0,0,1,4,1,0,0,0,0,1,0,2,0,1,0,0,0,0,0,0,0,0,1,0,0,0,2,0,4,0,1,0
0,0,0,0,19,0,0,0,0,2,9,2,0,1,0,0,3,0,0,0,0,0,8,5,2,46,149,7,0,2,104,1,5,0,20,0,0,19,0,0,1,6,0,1,0,0,0,16,0,0,1,0,1,0,0,0,0,0,0,0,4,0,2,11,0,20,22,2,2,1,0,1,3,1,14,0,10,0,34,0,16,1,1,4,131,44,5,0,0,0,1,24,1,26,0,2,0,4,11,0
1,0,0,19,0,0,26,0,8,0,0,0,0,0,0,29,0,3,1,0,0,57,0,0,0,0,0,0,0,1,0,1,1,0,0,1,1,0,0,1,0,0,0,0,1,0,0,0,4,0,0,17,0,0,21,0,0,1,0,0,0,0,0,0,0,0,0,0,0,0,1,0,0,0,0,2,0,0,0,2,0,1,0,0,0,0,0,2,0,0,0,0,2,0,6,0,5,0,0,1
0,0,0,0,0,0,0,0,2,0,0,1,0,0,0,0,0,0,2,0,0,0,0,0,1,0,0,2,0,0,0,1,1,0,0,4,0,0,0,0,0,0,0,1,0,0,0,0,0,1,0,0,0,0,0,0,0,11,0,7,0,0,0,0,0,0,0,2,0,3,5,0,0,0,0,0,0,0,0,0,0,0,0,1,0,0,1,3,0,1,2,0,3,0,1,0,0,0,0,0
7,0,0,6,0,0,4,0,1,2,1,0,1,0,1,1,0,3,6,0,0,2,0,0,0,1,0,0,0,0,0,10,0,3,0,1,2,0,4,2,0,0,0,1,0,1,1,0,23,1,0,6,0,0,6,0,0,3,1,0,1,0,0,0,0,0,0,6,0,0,11,9,0,0,0,50,2,0,1,19,1,1,2,0,0,1,0,3,0,0,14,0,4,1,24,1,17,2,0,9
0,0,0,0,0,2,0,0,0,0,0,0,0,0,2,0,0,9,0,0,0,0,0,0,0,0,0,0,0,0,0,0,0,1,0,0,0,0,0,0,0,0,0,0,0,2,0,0,1,0,0,0,0,0,0,0,0,0,0,0,0,0,0,0,0,0,0,0,0,0,0,0,0,1,0,0,0,0,0,0,0,0,0,0,0,0,0,0,0,0,0,0,0,0,0,0,1,1,0,0
0,0,0,0,10,0,0,0,0,0,2,1,1,0,0,0,2,0,0,1,0,0,3,6,0,26,36,2,0,1,51,1,1,0,5,0,0,1,1,0,0,2,0,1,0,0,0,11,0,2,0,0,0,0,0,0,0,0,0,0,1,1,2,5,0,5,6,2,0,0,0,0,1,0,5,0,2,0,10,0,4,0,0,0,34,11,2,0,0,0,0,6,0,10,0,0,1,0,2,0
8,0,0,70,0,0,83,0,28,0,0,4,0,0,0,89,0,4,2,0,1,237,0,1,0,0,0,1,1,2,0,1,0,0,0,0,0,1,3,3,0,0,0,0,0,0,0,0,13,1,0,65,0,0,73,0,0,10,0,1,1,0,0,0,0,0,0,1,0,0,7,4,0,0,0,11,0,0,0,7,0,1,1,0,0,0,0,11,0,0,5,1,3,0,22,0,12,0,0,2
18,1,1,18,0,0,5,0,3,0,4,2,2,0,1,4,1,3,2,0,0,6,0,2,2,0,0,6,0,4,0,11,1,2,0,0,3,1,5,5,0,0,0,3,0,2,0,1,47,2,0,21,2,0,11,1,0,12,5,4,0,0,0,1,0,0,0,13,0,0,24,20,1,0,0,96,2,1,1,41,1,8,1,0,0,1,4,2,0,1,32,0,12,0,48,0,39,6,1,22
8,1,1,16,0,0,5,0,6,0,2,5,0,0,1,1,1,0,1,0,0,3,0,2,1,0,0,2,0,0,1,14,3,0,0,2,2,0,8,2,0,0,0,1,1,1,0,1,34,1,0,8,1,0,3,0,0,3,1,1,0,0,0,0,0,0,0,11,0,3,6,20,2,0,0,80,3,0,0,35,1,3,2,1,1,0,0,5,1,1,18,0,6,1,31,1,20,5,1,11
0,1,0,0,1,0,0,0,0,0,0,0,3,1,0,0,0,0,0,0,0,0,0,1,0,0,3,0,0,0,1,1,0,0,2,0,0,1,0,2,0,0,0,0,0,0,0,5,0,0,1,0,0,0,0,1,0,0,2,0,11,0,0,0,0,0,0,1,0,0,0,0,2,0,1,0,2,0,2,0,0,0,2,0,0,2,0,0,1,0,0,0,0,1,0,3,0,1,2,0
2,0,0,0,9,0,0,0,0,0,4,0,1,0,0,0,4,0,1,1,0,0,9,2,0,46,94,3,0,3,72,0,2,1,9,0,0,7,5,0,0,3,0,3,1,0,0,7,0,3,0,0,0,0,0,0,0,0,0,0,1,1,1,3,0,14,13,1,3,3,0,0,4,1,11,0,2,0,21,1,9,0,0,3,110,27,8,0,0,1,1,14,2,9,0,0,0,3,10,2
10,1,1,12,2,1,2,0,6,1,1,2,0,1,1,7,0,1,1,0,1,4,0,2,3,1,1,0,0,1,0,13,2,0,0,1,2,1,7,0,0,0,0,0,1,1,0,0,33,1,0,8,1,0,6,1,0,4,4,5,0,0,0,0,0,0,0,17,0,1,13,13,0,0,0,65,1,1,0,22,0,5,5,2,0,0,0,6,0,3,15,1,7,2,38,0,18,4,2,8
0,0,0,0,8,0,0,0,0,0,2,1,0,0,0,0,2,0,1,0,0,0,1,1,0,14,32,2,0,0,37,1,0,0,4,0,0,6,1,0,1,3,0,0,0,0,0,5,0,2,0,0,0,0,0,0,0,0,0,0,1,0,1,1,0,14,0,0,1,0,0,0,1,0,7,0,2,0,16,0,2,1,0,1,30,11,5,0,0,0,0,7,0,14,0,1,1,2,3,1
16,1,0,33,0,1,3,1,9,1,3,15,1,1,0,6,2,3,3,0,1,6,0,2,2,1,0,4,1,4,0,26,2,4,0,4,6,0,12,5,0,1,1,1,0,1,1,0,87,0,0,22,2,0,18,0,0,12,6,3,2,0,0,0,0,0,1,7,0,0,18,31,3,0,0,149,9,1,1,62,0,4,6,2,0,0,2,8,0,3,47,0,20,0,81,5,45,12,0,32
0,0,0,0,0,0,0,0,0,0,0,0,5,3,0,0,0,0,0,1,0,0,0,4,0,0,0,1,1,1,2,1,0,0,0,0,2,0,3,0,1,2,0,0,1,0,0,7,0,0,1,0,0,0,1,2,1,0,1,0,19,0,0,0,2,1,0,0,2,0,0,0,3,0,8,0,2,0,0,0,1,2,1,0,0,2,0,0,1,0,0,1,0,2,0,2,0,0,3,1
0,0,0,0,26,0,0,0,0,2,5,1,1,0,0,0,5,0,1,2,1,0,9,4,3,44,76,2,0,0,108,1,2,0,28,1,0,19,3,0,0,6,0,4,0,0,0,26,0,3,0,0,0,0,0,2,0,0,2,2,6,0,2,9,0,24,13,0,1,0,0,0,4,0,10,0,7,0,30,0,11,0,1,1,89,35,4,1,3,0,0,13,0,35,0,3,0,2,14,2
0,0,0,0,6,0,0,0,0,0,0,0,0,0,0,0,1,0,0,1,0,0,2,0,1,9,22,1,1,0,14,0,0,0,3,0,0,0,1,0,1,0,0,2,0,0,0,5,0,1,0,0,0,0,0,0,0,0,0,0,2,0,0,1,0,3,3,0,1,0,0,0,2,0,0,0,1,0,6,0,1,0,0,0,14,3,1,0,0,1,0,1,1,2,0,1,0,1,0,0
2,21,11,16,0,18,32,0,0,0,1,1,0,0,15,25,0,383,0,0,11,15,0,2,1,0,0,0,0,4,0,1,0,1,0,1,17,0,0,32,0,0,1,0,3,20,15,0,12,0,1,12,10,15,8,0,5,0,4,0,2,0,0,0,0,0,0,0,0,0,2,14,1,1,0,6,1,5,0,4,0,5,1,0,0,0,0,3,1,0,2,0,1,0,8,0,16,4,0,1
0,0,0,0,7,0,0,2,0,1,0,0,5,6,0,0,0,0,0,1,1,0,2,1,1,1,0,0,0,4,2,0,1,2,1,0,0,0,3,0,3,1,1,0,0,0,0,5,0,0,0,0,1,0,0,4,0,0,1,0,19,0,0,0,0,2,1,0,0,0,0,1,7,1,9,0,0,0,1,0,0,0,1,0,0,3,1,0,5,0,1,1,0,3,0,7,0,2,4,0
0,12,4,17,0,11,15,0,3,0,1,0,1,0,4,13,0,178,0,0,10,10,0,1,1,0,0,0,1,3,0,0,0,1,0,0,3,0,2,3,0,0,0,1,3,7,8,0,5,0,0,4,5,3,5,0,2,0,2,1,0,0,0,0,0,0,0,0,1,0,0,4,0,0,0,4,0,0,0,1,0,2,2,0,0,0,0,1,0,0,0,0,0,0,5,0,3,3,0,0
3,0,0,5,0,0,7,0,2,0,0,0,0,0,0,11,0,0,0,0,0,28,0,0,0,0,0,0,0,0,0,1,0,0,0,1,0,0,1,0,0,0,0,0,0,0,0,0,2,0,0,6,0,0,8,0,0,0,0,0,0,0,0,0,0,0,0,0,0,0,0,2,0,0,0,4,0,0,0,0,0,0,0,0,0,0,0,2,0,0,0,0,0,0,2,0,0,2,0,0
0,0,2,0,2,1,0,9,0,0,0,0,10,21,1,0,0,0,0,4,0,0,0,0,0,0,0,0,12,5,0,1,0,5,0,0,2,0,0,3,47,3,8,0,9,1,0,2,0,0,17,0,5,1,0,15,2,0,5,0,6,25,0,0,28,3,0,0,13,0,0,0,2,12,4,0,0,9,1,0,0,2,3,0,0,2,0,0,30,0,0,1,0,0,1,5,1,2,0,0
0,0,0,0,22,0,0,0,0,2,7,1,1,0,0,0,1,0,0,1,0,0,8,2,1,48,86,6,0,0,89,2,2,0,15,0,1,9,4,0,1,9,0,1,0,0,0,17,1,2,0,0,0,0,0,1,0,0,0,1,4,1,2,9,0,20,10,1,0,1,0,0,4,0,6,0,7,0,23,0,7,2,3,2,85,36,6,0,0,0,0,17,0,20,0,0,0,1,11,0
0,0,0,0,22,0,0,0,0,2,2,3,1,0,1,0,4,0,0,1,0,0,4,3,3,52,80,4,0,0,109,2,2,1,20,0,0,14,3,0,2,8,0,2,0,0,0,25,1,1,0,0,0,0,0,0,0,0,1,0,2,2,4,5,0,13,15,0,2,1,0,0,6,0,7,1,4,0,24,0,9,2,1,1,89,29,6,1,1,0,0,18,1,29,1,2,0,2,11,1
0,0,3,1,29,0,0,2,0,0,4,0,19,18,1,0,2,0,0,3,0,0,1,14,0,9,3,6,7,4,4,4,2,16,12,1,5,11,14,3,9,17,0,0,8,0,0,21,1,0,3,0,0,0,0,24,3,0,7,0,120,7,0,0,5,15,1,3,6,1,0,2,48,2,46,1,7,1,6,1,0,2,16,1,5,12,2,0,20,0,3,3,1,10,0,19,1,10,22,6
0,2,2,0,0,1,0,17,0,0,1,0,26,18,3,0,0,0,0,2,3,0,0,1,0,1,0,0,20,4,1,0,0,5,3,0,1,3,1,0,103,8,8,0,13,1,0,2,0,0,22,0,3,2,0,24,2,0,5,0,5,56,0,0,29,1,0,0,11,0,0,1,5,19,4,2,0,9,1,0,0,2,4,0,0,0,0,0,62,0,0,0,0,0,0,4,0,0,3,0
2,0,0,1,19,0,0,0,0,3,3,1,0,1,0,0,4,0,0,2,0,0,7,4,0,34,48,2,0,0,79,1,0,0,13,0,0,13,1,0,0,4,0,0,0,1,0,15,0,0,0,0,0,0,0,1,0,0,0,0,4,1,1,3,0,6,7,1,0,0,1,1,2,0,4,1,3,0,19,1,8,0,1,1,65,17,8,0,3,0,0,14,0,18,0,4,0,2,8,1
24,0,0,4,1,0,2,0,12,6,5,23,0,0,0,0,4,0,75,0,0,1,0,2,15,2,0,3,0,1,0,13,7,0,0,90,0,1,2,2,0,0,0,10,0,0,0,1,1,7,0,3,0,0,4,0,0,75,0,161,1,0,2,1,0,0,0,15,0,21,29,2,2,0,0,1,4,0,1,13,2,0,1,9,0,0,4,25,0,32,15,1,7,1,8,0,2,1,0,12
2,0,0,0,16,0,0,0,0,1,6,1,2,0,0,0,4,0,1,2,0,0,8,1,1,39,94,5,0,1,72,1,4,0,12,0,0,4,2,0,2,3,0,0,0,0,0,20,2,3,0,0,0,0,0,0,1,0,0,0,2,0,2,7,0,11,18,1,1,0,0,0,1,0,5,0,7,0,23,0,9,1,2,0,101,10,4,0,2,2,0,13,0,29,0,0,0,1,7,1
0,0,1,0,10,1,0,2,0,1,1,0,18,9,0,0,1,0,0,2,1,0,0,11,1,8,5,3,4,5,5,3,1,8,11,0,2,5,4,1,4,17,1,0,3,0,0,24,0,1,4,0,3,0,0,18,0,0,8,0,107,5,0,1,2,6,0,1,3,0,0,0,32,1,32,0,13,0,5,0,1,5,9,1,2,17,1,0,9,1,0,4,2,12,0,16,0,5,23,2
0,0,1,0,20,0,0,1,0,1,0,0,24,15,0,0,0,0,0,1,0,0,0,6,2,7,5,4,10,9,8,2,0,7,12,0,6,14,12,2,8,8,0,0,9,0,0,27,2,1,3,0,4,0,0,22,0,0,12,0,95,9,0,0,3,15,1,5,3,0,0,2,49,1,44,0,13,2,8,0,4,12,18,0,5,10,2,0,19,0,2,6,3,6,0,22,2,12,27,3
0,0,0,0,18,0,0,0,0,3,3,1,0,0,0,0,2,0,0,0,0,0,2,4,1,22,37,4,0,0,78,1,0,0,10,0,0,8,2,0,2,2,0,1,0,0,0,5,0,2,0,0,0,0,0,1,0,0,0,0,3,0,1,4,0,6,4,0,1,0,0,0,1,0,3,0,6,0,10,0,5,0,0,0,48,15,0,0,1,0,0,10,1,15,0,0,0,1,10,0
18,0,1,20,3,2,7,0,3,0,2,7,1,2,4,9,2,9,4,0,3,11,0,5,3,0,0,5,0,9,0,28,1,3,0,3,11,5,16,6,0,0,0,0,0,1,1,3,94,1,0,29,2,0,14,0,1,10,3,6,2,0,0,0,0,1,0,10,0,4,22,31,6,1,0,138,3,0,2,51,2,17,8,2,0,0,1,5,2,0,42,2,18,1,82,1,44,9,2,17
16,0,1,12,0,0,3,0,0,0,2,5,0,0,1,2,0,0,1,0,0,4,0,2,3,1,0,0,0,0,0,8,0,2,0,2,6,2,2,3,1,0,0,0,2,1,0,0,37,0,0,6,0,0,8,1,0,4,2,0,1,0,1,0,0,0,0,9,0,1,14,18,0,0,0,49,1,0,0,20,1,1,3,1,0,0,0,5,1,2,13,2,5,0,34,0,25,5,2,10
0,2,3,0,2,1,0,27,0,1,1,0,52,40,3,0,0,0,0,7,2,0,1,1,0,0,1,1,37,6,2,0,0,6,3,0,3,3,1,1,159,10,12,0,25,3,1,6,1,0,36,0,3,1,0,47,2,0,4,0,11,81,0,0,64,8,0,0,21,0,0,0,7,24,11,0,2,10,0,0,0,2,6,0,0,6,0,0,80,0,0,0,0,2,1,18,0,2,3,1
1,22,8,17,0,14,22,1,2,0,0,1,2,0,17,20,0,360,2,0,16,8,0,0,0,0,0,0,4,7,0,0,0,4,0,0,12,0,1,24,0,0,1,0,4,18,17,0,13,0,0,7,10,11,3,1,9,1,9,1,0,0,0,0,0,0,0,0,0,0,1,14,1,2,0,5,0,1,0,2,0,7,2,0,0,0,1,1,0,0,6,0,1,0,12,0,12,4,0,1
20,0,0,2,0,0,0,0,7,6,3,10,0,0,0,0,1,0,62,0,0,0,0,0,14,0,1,4,0,2,0,4,6,0,0,65,0,2,4,0,0,0,0,8,1,0,0,1,1,3,0,2,0,0,1,0,0,58,0,99,0,0,3,1,0,0,0,7,0,13,19,1,0,0,1,4,2,0,0,10,3,0,0,7,0,1,2,7,0,16,12,2,10,1,5,0,1,2,1,4
2,0,0,9,0,0,14,0,3,0,0,0,0,0,0,21,0,0,0,0,0,34,0,0,0,0,0,0,0,0,0,1,0,0,0,0,0,0,0,0,0,0,0,0,0,0,0,0,0,0,0,14,0,0,15,0,0,0,0,1,0,0,0,0,0,0,0,0,0,0,0,0,0,0,0,2,0,0,0,2,0,1,0,0,0,0,0,6,0,0,0,0,0,0,5,0,1,0,0,0
11,0,1,60,0,0,95,0,26,1,0,1,0,0,1,125,0,4,1,0,1,234,0,2,2,0,0,0,0,2,0,2,0,0,0,2,2,0,1,1,0,0,0,0,0,0,0,0,12,0,0,66,0,0,82,0,1,5,1,3,0,0,0,0,0,0,0,0,0,0,2,8,0,0,0,17,1,0,0,11,1,1,1,1,0,0,0,12,0,0,5,0,0,0,26,0,9,0,1,5
0,2,0,0,0,0,0,8,0,0,0,0,9,7,5,0,0,0,0,1,1,0,0,0,0,0,0,0,6,1,0,0,0,2,1,0,0,0,0,2,28,5,2,0,4,2,0,1,0,0,12,0,1,0,0,4,1,0,2,0,1,15,0,0,9,0,0,0,5,0,0,0,2,1,3,0,0,3,0,0,0,0,0,0,0,0,0,0,17,0,0,0,0,0,0,2,0,0,1,0
0,2,5,0,0,0,1,27,0,0,1,1,35,36,1,0,0,0,0,5,4,0,1,1,0,0,0,0,26,2,2,1,0,6,3,0,5,1,2,1,139,8,11,0,16,6,0,0,0,0,40,0,5,2,0,33,2,0,6,0,7,50,0,0,60,2,0,0,27,0,0,1,8,17,12,1,0,10,1,0,0,5,8,0,1,2,0,0,77,0,1,0,1,0,0,8,0,1,2,0
0,0,0,0,0,0,0,0,0,0,0,0,1,0,0,0,0,0,0,0,0,0,0,0,0,0,0,0,1,0,0,0,0,0,0,0,0,0,0,0,5,1,0,0,1,0,0,0,0,0,1,0,0,0,0,1,0,0,0,0,0,2,0,0,0,0,0,0,1,0,0,0,0,1,0,0,0,2,0,0,0,0,0,0,0,0,0,0,2,0,0,0,0,0,0,1,0,0,0,0
0,2,2,0,2,0,0,27,0,0,0,0,21,37,1,0,0,0,0,5,1,1,0,1,0,0,0,1,25,6,2,1,0,3,3,0,4,0,2,0,102,6,13,0,11,1,0,3,0,0,26,0,7,1,0,24,1,0,3,0,5,42,0,0,52,4,0,0,15,0,0,1,5,16,7,0,2,9,0,0,0,3,7,0,0,1,0,0,54,0,0,0,0,2,0,6,1,1,1,0
2,5,4,5,0,7,7,0,0,0,0,0,0,0,3,11,0,129,0,0,4,3,0,0,0,0,0,0,0,0,0,2,0,1,0,0,3,1,1,7,0,0,1,0,0,4,6,0,5,0,0,3,3,3,3,0,2,0,2,0,0,0,0,0,0,0,0,0,0,0,0,4,0,1,0,3,0,0,0,0,0,1,0,0,0,0,0,0,0,0,1,0,0,0,3,0,6,1,0,0
14,0,0,1,0,0,1,0,8,2,4,8,0,0,0,2,0,0,62,0,0,2,0,1,7,1,0,4,0,0,0,3,6,0,0,65,0,1,0,0,0,0,0,4,0,0,0,0,4,4,0,2,1,0,3,0,0,62,0,104,0,0,2,0,0,0,0,16,0,19,26,0,1,0,0,5,3,0,0,7,3,0,0,2,0,1,2,9,0,17,5,0,8,0,4,0,3,1,2,4
0,1,2,0,33,0,0,4,0,2,4,1,41,19,2,0,2,0,1,2,1,1,0,15,4,12,6,8,5,12,5,3,1,15,16,1,6,6,6,3,7,23,0,1,5,1,1,47,0,1,2,1,3,0,0,37,1,1,10,0,127,9,0,0,7,13,0,4,4,0,0,2,57,1,48,0,12,3,12,0,0,11,31,3,4,16,3,0,19,0,2,6,2,14,0,36,0,15,20,7
0,0,0,0,9,0,0,2,0,0,1,1,2,3,0,0,1,0,0,2,0,0,0,3,1,1,0,1,3,1,0,1,1,2,3,0,0,1,4,3,3,8,0,0,1,1,0,10,0,0,0,0,0,0,0,9,0,0,2,0,41,1,0,0,1,1,0,0,2,0,0,0,6,0,11,0,4,0,0,0,0,0,4,0,3,4,0,0,4,0,0,1,0,1,0,7,1,2,11,1
20,0,0,0,1,0,0,0,7,6,4,16,0,0,1,0,3,0,52,0,0,3,0,1,18,0,0,2,0,0,0,5,6,0,0,71,1,1,3,0,0,0,0,10,0,0,0,0,2,10,0,5,0,0,3,0,0,65,0,148,0,0,5,1,0,0,0,13,0,21,31,1,0,0,1,4,2,0,0,7,1,0,0,12,0,0,3,12,0,22,10,1,5,1,1,0,1,3,1,3
0,1,2,0,25,0,0,3,1,2,5,3,27,15,1,0,1,0,0,3,1,0,0,17,3,8,6,3,2,11,5,4,0,8,14,0,6,14,15,1,11,17,2,1,12,0,1,42,3,1,2,0,1,1,0,15,1,1,7,1,133,6,1,0,3,12,1,3,5,0,0,1,55,5,34,0,8,0,6,0,1,15,15,1,4,21,7,0,14,0,2,7,1,6,1,21,1,12,22,4
0,1,1,0,27,0,0,2,0,3,3,2,31,21,0,0,1,0,1,2,0,0,2,30,0,9,5,3,3,11,8,1,0,6,9,0,5,11,12,2,6,19,2,0,7,0,0,35,2,3,1,0,2,0,0,20,0,0,8,0,142,10,0,1,4,16,1,2,11,0,0,2,57,0,43,1,12,0,12,0,0,9,25,1,4,17,1,0,24,0,2,7,0,7,3,33,1,15,34,0
0,0,3,0,25,1,0,2,0,1,3,1,25,11,3,0,5,1,0,1,2,0,1,13,0,6,6,9,7,23,8,2,3,21,18,0,5,14,9,4,13,18,3,0,6,0,0,29,1,1,3,0,2,2,0,23,2,0,8,0,158,14,1,0,5,6,0,4,14,1,1,4,62,2,49,2,20,3,10,1,2,6,17,2,1,20,1,0,16,0,0,3,2,13,0,32,1,17,29,5
0,0,0,1,19,0,0,3,0,1,1,2,29,9,0,0,1,0,0,2,0,0,2,4,1,6,5,2,2,14,7,5,0,11,9,0,3,8,6,2,8,10,3,0,6,0,0,33,0,1,1,0,2,0,0,19,0,0,2,0,96,3,0,2,5,12,0,2,6,0,0,2,50,1,34,2,6,1,8,0,5,6,16,1,1,9,3,0,16,0,0,5,0,13,0,12,0,7,30,1
0,0,3,0,0,3,0,9,0,0,0,0,31,29,1,0,0,0,0,3,2,0,0,0,0,0,0,0,17,1,0,1,0,4,0,0,2,0,1,1,78,6,7,0,9,2,0,2,0,0,24,0,5,2,0,24,2,0,1,0,6,49,0,0,33,4,0,0,13,0,1,1,8,18,4,0,1,10,1,0,1,2,3,0,0,2,0,0,61,0,0,1,0,0,0,5,0,1,2,1
39,0,0,2,0,0,3,0,7,8,4,27,0,0,0,1,1,0,69,0,0,1,1,0,11,0,0,4,0,2,0,9,14,0,0,102,1,1,2,0,0,0,0,6,0,0,0,0,1,12,0,4,0,0,6,0,0,71,0,181,0,0,8,1,0,0,2,13,0,25,29,0,0,0,0,3,3,0,0,11,3,0,2,8,0,0,4,26,0,17,15,2,14,0,5,0,1,4,0,11
7,0,0,20,0,0,39,0,17,0,0,2,0,0,1,61,0,1,0,0,0,114,0,1,0,0,0,0,0,1,0,0,0,0,0,0,3,0,0,3,0,0,0,0,0,0,0,0,7,1,0,29,2,0,50,0,1,0,0,1,0,0,0,0,0,0,0,1,0,0,3,8,1,0,0,7,0,0,0,1,0,0,0,0,0,0,0,9,1,0,3,0,1,0,8,0,4,1,0,0
1,0,0,0,25,1,0,1,0,0,4,1,29,11,0,0,1,0,1,1,2,0,0,9,1,5,3,1,2,8,8,2,1,13,13,0,4,4,10,0,15,20,1,0,4,1,0,35,0,3,4,0,5,0,0,22,0,0,5,0,119,11,0,2,1,20,0,2,5,0,1,1,40,0,48,1,10,1,3,0,4,10,15,1,5,8,0,0,17,0,1,4,1,11,0,18,1,9,20,4
0,0,0,0,14,0,0,1,0,0,2,1,0,0,0,0,2,0,0,0,0,0,8,1,1,30,61,4,0,0,45,1,0,0,5,0,0,10,0,0,1,4,0,0,0,1,0,8,0,0,0,0,0,0,0,0,0,1,0,0,2,0,0,2,0,16,9,0,0,0,0,0,1,0,3,0,4,0,15,1,3,0,1,0,65,15,1,0,0,0,0,13,1,16,0,0,0,2,7,0
21,0,0,3,1,0,3,0,9,11,4,7,0,0,0,0,1,0,51,0,0,1,1,1,11,2,0,5,0,0,0,5,8,0,0,80,0,1,2,0,0,0,0,6,0,0,0,0,3,8,0,2,0,0,6,0,0,59,2,127,0,0,5,1,0,0,0,12,0,17,22,1,0,0,0,5,6,0,2,12,1,1,0,3,0,0,5,12,0,19,9,1,17,1,6,0,6,1,1,8
0,0,0,0,22,0,0,0,0,1,6,1,3,2,0,0,5,0,0,0,1,0,13,4,2,58,146,7,0,1,104,5,5,0,13,0,0,18,2,0,2,7,0,1,0,0,0,25,0,0,0,0,0,0,0,1,0,0,0,0,5,0,1,4,1,24,23,1,2,1,0,0,3,0,8,0,7,0,40,0,11,0,3,1,132,31,10,0,1,1,0,25,0,29,0,2,0,0,10,3
0,0,4,0,2,0,0,19,0,0,0,0,34,26,1,0,0,0,0,3,2,0,0,1,0,1,0,0,27,4,0,1,0,9,3,0,2,0,2,0,93,8,9,0,9,1,0,2,0,0,28,0,4,0,0,29,5,0,3,0,4,61,0,0,38,5,0,0,21,0,0,1,8,9,7,0,4,9,0,1,0,2,5,0,0,2,0,0,53,0,0,0,0,2,0,7,0,0,2,0
1,10,5,18,0,17,23,1,0,0,0,0,2,2,8,19,1,306,0,0,11,11,0,1,0,0,0,0,0,3,0,2,0,2,0,0,13,0,0,22,0,0,3,0,3,6,12,0,11,0,0,8,3,4,4,0,7,0,3,0,0,0,0,0,0,0,0,3,0,0,3,10,1,2,0,3,0,1,0,5,0,3,0,0,0,0,0,1,0,0,1,0,2,0,8,1,9,0,0,1
0,0,0,0,11,0,0,3,0,0,4,2,8,7,0,0,0,0,1,0,1,0,2,7,1,3,7,1,3,6,3,0,1,9,2,1,0,11,4,1,2,11,0,1,6,0,0,21,0,1,2,0,1,0,0,9,0,1,3,0,75,3,1,0,3,6,1,2,9,0,0,3,35,1,25,4,5,1,3,2,1,3,11,0,0,12,1,0,9,1,1,5,2,3,1,24,0,9,15,1
32,0,0,2,0,0,0,0,12,6,3,26,0,0,0,0,2,0,64,0,0,0,2,0,17,0,0,5,0,1,0,9,14,0,0,83,0,1,0,0,0,0,0,6,0,0,0,0,2,10,0,9,0,0,0,0,0,69,1,178,1,0,6,0,0,0,0,13,0,23,29,0,0,0,0,7,0,0,2,6,2,0,1,4,0,0,5,19,0,24,14,0,14,0,3,0,1,2,0,8
0,0,0,0,33,0,0,0,0,1,8,2,1,1,0,0,5,0,0,0,0,0,5,3,0,57,124,4,0,2,161,4,6,2,21,0,1,17,3,1,0,10,0,2,0,0,0,26,0,1,1,0,1,0,0,2,0,0,1,0,8,2,1,8,2,25,16,1,1,0,0,0,4,0,12,0,10,0,36,0,9,1,2,6,84,44,5,0,0,1,0,26,1,40,0,1,0,2,12,1
0,0,1,0,32,0,0,2,1,0,5,0,31,11,0,0,2,0,0,1,3,0,1,16,1,8,4,4,5,7,5,1,1,16,21,0,2,14,9,2,10,15,2,0,7,0,0,39,2,1,3,0,4,1,0,35,0,0,5,0,155,11,0,1,2,17,0,1,12,0,1,1,50,2,53,3,16,2,8,0,1,6,31,2,4,17,3,0,15,0,1,5,0,11,2,27,2,9,26,5
0,0,0,0,3,0,0,0,0,0,1,0,0,1,0,0,0,0,0,0,0,0,3,0,1,10,22,3,0,0,24,0,1,0,5,0,0,5,2,0,0,1,0,1,0,0,0,5,0,0,0,0,0,0,0,1,0,0,0,0,0,0,1,1,0,5,2,0,0,1,0,0,0,0,0,0,1,0,8,0,1,0,0,1,27,8,0,0,0,0,0,3,0,5,0,1,0,1,1,0
0,0,0,0,11,0,0,0,0,4,3,0,0,0,0,0,3,0,0,2,0,0,4,2,2,23,39,6,0,1,47,0,0,0,6,0,0,7,1,0,1,4,0,0,0,0,0,6,0,0,0,0,0,0,0,0,0,1,0,0,2,0,0,1,0,5,5,1,1,0,1,0,0,0,5,0,3,0,18,0,7,1,0,1,44,17,5,0,0,0,0,6,0,11,0,2,0,3,10,0
0,0,3,0,0,1,0,14,0,0,1,0,26,37,3,0,0,0,0,7,2,0,0,0,1,0,1,0,10,5,1,0,0,7,4,0,1,1,1,0,127,7,13,0,6,2,1,3,0,0,24,1,3,3,0,19,3,0,3,0,5,37,0,0,48,0,0,0,14,0,0,1,9,9,9,0,1,13,1,0,0,3,1,0,0,2,0,0,55,0,0,0,0,2,0,4,0,1,3,0
0,0,0,0,10,0,0,0,0,1,6,2,1,0,0,0,2,0,1,3,0,0,5,4,0,44,96,1,0,0,53,0,1,0,9,0,0,12,0,0,0,5,0,1,0,0,0,14,0,2,0,0,0,0,1,0,0,0,2,0,2,0,6,4,0,13,11,1,0,0,0,0,4,0,5,0,7,0,28,0,4,1,0,2,94,13,2,0,0,1,1,10,0,25,0,5,0,2,9,0
0,0,0,0,25,0,0,2,1,2,8,2,3,0,0,0,10,0,0,1,1,0,17,3,1,56,138,4,0,0,122,2,1,0,18,1,1,21,1,0,0,5,1,5,0,0,0,18,0,3,0,0,0,0,0,1,0,0,1,0,7,0,3,7,0,15,19,2,0,1,1,0,3,0,10,0,17,0,29,0,11,0,0,3,147,37,5,0,0,0,1,22,0,19,0,1,0,1,12,0
2,0,0,21,0,0,19,0,6,0,0,0,0,0,0,30,1,3,0,0,0,58,0,0,0,0,0,0,0,0,0,0,0,0,0,0,3,0,0,0,0,0,0,0,0,0,0,0,3,0,0,16,1,0,15,0,0,1,0,0,0,0,0,0,0,0,0,0,0,0,1,1,0,0,0,2,0,0,0,1,0,0,0,0,0,0,0,3,0,1,2,0,1,0,3,0,0,1,0,1
0,0,0,2,0,0,6,0,4,0,0,0,0,0,0,6,0,1,0,0,0,11,0,0,0,0,0,0,0,0,0,0,0,0,0,0,0,0,0,1,0,0,0,0,0,0,0,0,1,0,0,3,0,0,2,0,0,0,0,0,0,0,0,0,0,0,0,0,0,0,2,0,0,0,0,1,0,0,0,0,0,0,0,0,0,0,0,1,0,0,0,0,0,0,3,0,0,0,0,0
6,0,0,54,0,0,52,1,23,0,0,1,0,0,0,71,0,3,0,0,0,162,0,1,2,0,0,0,0,0,0,1,0,0,0,2,1,1,0,1,0,0,0,0,0,0,0,0,1,0,0,41,1,0,63,0,0,4,0,0,0,0,0,0,0,0,0,0,0,0,7,4,0,0,0,6,0,0,0,11,0,1,0,0,0,0,0,5,0,1,6,0,1,0,15,1,7,0,0,1
10,0,1,14,0,1,5,1,7,2,1,3,0,0,2,3,0,2,2,0,1,2,0,5,2,0,0,1,0,3,0,14,1,2,1,2,2,0,7,0,0,0,0,0,0,1,0,0,35,0,0,16,0,0,8,0,0,4,2,1,1,0,0,0,0,0,0,7,0,2,10,19,2,0,0,89,1,2,1,30,2,3,3,2,0,0,0,8,0,1,26,1,11,0,44,1,23,7,1,7
0,0,0,0,23,0,0,0,0,3,4,2,1,2,0,0,9,0,0,1,0,0,13,3,1,58,131,5,0,0,104,0,6,1,24,0,0,12,3,0,0,7,0,5,1,0,0,19,0,2,0,1,0,0,0,0,0,0,0,0,8,0,6,7,0,22,17,1,2,2,1,0,4,0,12,1,9,0,25,1,4,3,3,4,144,30,9,0,1,2,1,16,1,34,0,1,0,4,10,2
0,2,0,0,0,1,0,8,0,0,0,0,16,24,4,0,0,0,0,1,1,0,0,1,0,0,0,0,22,2,0,1,0,4,1,0,1,2,0,1,76,7,6,0,6,1,0,2,1,0,26,1,2,0,0,13,2,0,3,0,4,35,0,0,29,2,0,0,16,0,0,1,6,13,4,0,2,8,0,0,0,2,3,0,1,1,0,0,44,0,0,0,0,0,0,4,0,2,0,0
27,0,0,23,1,0,9,0,10,1,1,7,0,0,1,8,2,6,4,0,2,5,0,4,6,2,0,5,0,3,1,19,1,5,1,2,0,1,8,6,0,0,0,1,0,1,0,1,60,0,0,13,0,0,14,2,0,13,2,7,0,0,0,0,1,0,0,14,0,2,20,27,4,1,1,125,5,0,1,60,1,15,8,0,0,1,1,4,0,2,26,1,13,1,67,0,47,8,1,21
0,0,0,0,30,0,0,0,0,1,6,1,4,3,0,0,7,0,0,2,0,0,10,5,2,49,112,5,0,0,143,0,3,1,11,1,0,11,4,0,0,15,0,4,0,0,0,17,1,3,0,0,0,0,0,1,0,0,0,1,3,1,0,8,0,18,10,4,0,0,0,1,9,0,12,0,8,0,31,0,5,0,0,0,93,44,5,0,1,3,0,22,2,31,0,4,0,3,13,0
4,0,0,49,0,0,69,0,23,0,0,0,0,0,0,87,0,3,0,0,2,160,0,0,2,0,0,0,0,0,0,1,0,1,0,0,0,0,0,0,1,0,0,0,0,0,1,1,10,0,0,43,2,0,73,0,0,1,2,2,0,0,0,0,0,0,0,2,0,1,6,8,1,0,0,15,0,0,0,4,0,1,0,0,0,0,0,10,0,0,2,0,1,0,20,1,6,0,0,2
32,0,0,1,0,0,0,0,5,4,4,17,0,0,0,2,7,1,64,0,0,0,2,2,7,1,0,5,0,0,0,3,14,0,0,115,1,2,2,0,0,0,0,6,0,0,0,1,2,12,0,4,0,0,4,0,0,76,0,141,1,0,6,1,0,0,2,8,0,19,30,1,0,0,0,3,1,0,0,12,3,1,0,4,0,0,3,23,0,11,9,0,11,2,5,0,1,2,0,9
1,6,0,4,0,7,10,0,2,0,0,0,1,0,3,6,0,128,0,0,1,2,0,0,0,0,0,0,1,1,0,0,0,1,0,0,2,0,0,5,0,0,0,0,0,6,5,0,10,0,0,3,2,3,3,0,2,0,3,0,0,0,0,0,0,0,0,0,0,0,0,3,0,0,0,2,0,1,0,0,0,2,0,0,0,0,0,0,0,0,0,0,0,0,4,0,3,0,0,0
0,0,0,0,2,0,0,0,0,0,2,0,0,0,0,0,0,0,0,0,0,0,1,1,0,3,4,0,0,0,10,0,0,0,0,0,0,0,0,0,0,0,0,0,0,0,0,2,0,0,0,0,0,0,0,0,0,0,0,0,2,0,0,0,0,1,2,0,0,0,0,0,1,0,0,0,1,0,4,0,2,0,0,0,6,1,0,0,0,0,0,3,0,1,0,0,0,0,2,0
0,1,3,0,4,0,0,11,0,0,0,1,23,26,3,0,0,0,0,3,3,0,0,1,0,1,0,2,22,9,0,1,0,8,2,0,1,3,0,1,103,3,12,0,13,2,0,3,0,0,26,0,3,0,0,28,2,0,3,0,3,38,0,0,26,0,1,0,7,0,1,1,3,7,8,0,0,11,1,0,0,1,3,0,0,0,0,0,60,0,0,0,0,1,0,9,0,1,2,0
14,0,0,2,0,0,0,0,6,3,2,5,0,0,0,1,1,1,31,0,0,0,0,1,8,0,0,1,0,0,0,2,4,0,0,26,0,1,0,0,0,0,0,1,0,0,0,0,1,2,0,2,0,0,1,0,0,29,0,67,0,0,2,0,0,0,0,3,0,5,6,0,0,0,0,2,0,0,0,3,1,0,0,1,0,0,1,6,0,12,4,0,5,0,5,0,1,0,0,2
1,0,0,0,11,0,0,0,0,0,1,2,1,0,0,0,4,0,0,0,0,0,6,0,4,18,60,1,0,2,42,0,1,0,7,0,0,6,1,0,1,5,0,0,0,0,0,6,0,3,0,0,0,0,0,0,0,1,1,0,3,0,1,5,0,4,8,0,0,0,0,0,0,0,3,0,3,0,11,0,4,1,0,0,53,17,5,0,1,1,0,4,0,3,0,2,0,1,5,2
0,0,0,0,3,0,0,0,0,0,0,0,4,3,0,0,0,0,0,1,0,0,0,0,0,1,1,1,0,0,1,0,0,2,1,0,1,2,1,0,1,1,0,2,0,0,0,3,0,0,0,0,0,0,0,1,0,0,1,0,16,1,0,0,1,2,0,1,2,0,0,1,5,0,1,0,2,1,3,0,0,0,1,0,1,2,0,0,1,0,0,0,0,0,0,1,0,1,6,0
0,2,6,0,1,0,0,30,0,0,1,0,34,51,1,0,0,0,0,6,3,0,0,3,1,0,1,0,38,7,0,0,1,4,4,0,2,2,0,3,119,9,7,0,16,0,1,3,1,0,39,1,4,0,0,27,6,0,3,0,9,52,0,0,69,3,0,0,18,0,0,0,4,17,9,0,1,12,0,0,1,3,4,0,0,4,0,0,86,0,0,1,0,0,0,7,0,2,5,0
13,0,0,0,0,0,0,0,2,5,0,6,0,0,0,1,1,0,28,0,0,1,0,0,2,2,0,0,0,0,0,1,3,0,0,30,0,0,0,0,0,0,0,0,0,0,0,1,2,5,0,0,0,0,1,0,0,33,0,46,0,0,0,0,0,0,0,4,0,7,7,1,0,0,0,1,0,0,0,3,0,1,1,3,0,0,2,5,0,12,2,0,6,0,1,0,1,1,0,4
4,0,0,18,0,0,24,0,7,0,0,1,0,0,0,36,0,3,1,0,0,63,0,0,0,0,0,0,0,0,0,1,1,0,0,0,1,0,1,1,0,0,0,0,0,0,0,0,4,0,0,23,0,0,18,0,0,5,0,0,0,0,0,0,0,0,0,0,0,0,2,2,0,0,0,3,1,0,0,2,0,0,0,1,0,0,0,3,0,0,4,0,1,0,7,0,5,0,0,1
1,0,0,0,0,0,1,1,1,0,1,1,0,0,0,0,0,2,0,0,0,0,0,0,2,1,0,1,0,0,0,1,0,1,0,0,1,0,1,0,0,0,0,0,0,0,0,0,7,0,0,2,0,0,2,0,0,1,0,1,0,0,0,0,0,0,0,2,0,0,3,1,0,0,0,14,0,0,0,8,0,2,0,0,0,0,0,0,0,0,5,0,0,0,13,0,7,2,2,2
1,0,5,0,2,2,0,23,0,0,0,0,15,24,3,0,0,1,0,2,2,0,0,1,0,0,1,0,14,3,0,0,0,5,7,0,1,0,1,1,77,3,8,0,8,0,0,3,0,1,26,0,4,0,0,12,1,0,1,0,4,28,0,0,32,3,0,0,9,0,0,1,4,11,7,0,2,12,1,0,0,1,3,0,0,1,0,0,32,0,0,0,0,3,0,4,1,1,2,0
0,2,5,0,3,1,0,17,0,0,0,0,37,33,0,0,0,0,0,4,1,0,0,1,1,0,3,0,24,8,0,0,0,6,5,0,1,0,1,0,110,11,10,0,13,1,1,2,1,0,31,0,6,1,0,14,6,0,7,0,8,52,0,0,42,5,0,1,30,0,0,0,9,12,6,0,3,12,0,0,0,1,8,0,0,1,0,0,60,0,0,0,0,0,0,7,0,0,1,0
0,0,0,0,36,0,0,0,0,1,6,1,1,2,0,0,4,0,0,0,0,0,6,4,3,58,110,8,0,3,135,1,1,0,22,1,0,13,2,0,2,10,0,2,0,0,0,12,1,4,0,0,0,0,0,0,0,0,1,0,5,0,3,8,0,24,16,3,0,2,0,0,7,0,6,1,2,0,30,0,7,1,3,2,100,31,3,0,0,1,0,24,1,20,0,0,0,4,11,0
1,0,0,0,9,0,0,0,0,0,2,0,0,0,0,0,2,0,0,0,0,0,4,3,1,14,39,1,0,0,24,0,0,0,3,0,1,2,0,0,0,3,0,0,1,0,0,7,0,2,0,0,0,1,0,0,0,0,0,0,0,0,1,4,0,6,2,2,0,0,0,0,2,0,3,0,2,0,7,0,1,0,0,1,46,8,1,0,0,1,0,8,0,9,0,1,0,1,3,0
3,0,2,0,13,0,0,2,0,2,1,1,18,12,1,0,0,0,0,3,1,0,0,16,3,5,5,5,4,14,7,2,0,9,10,0,3,7,5,0,12,18,1,1,6,0,0,19,0,1,3,0,2,1,0,23,1,0,5,0,105,6,1,0,6,8,0,1,4,0,0,3,29,0,29,0,14,1,6,4,0,8,12,1,2,8,1,0,22,0,0,6,0,6,0,20,1,13,23,2
3,16,7,11,0,12,19,0,2,1,0,1,0,2,11,12,0,311,0,0,9,7,0,0,2,0,0,0,1,1,0,1,0,4,0,0,16,0,0,16,0,0,2,0,3,10,12,0,6,0,0,4,8,8,9,0,9,1,2,0,0,0,0,0,0,0,0,1,0,1,1,13,0,1,0,6,1,0,0,3,1,6,2,0,0,0,0,0,1,0,6,0,1,0,9,0,20,1,0,2
0,0,0,0,3,0,0,0,0,0,0,1,3,1,0,0,0,0,0,0,0,0,0,3,0,1,0,2,1,0,0,0,0,2,1,0,1,2,1,0,2,1,0,0,1,0,0,7,0,1,0,0,1,0,0,3,0,0,0,0,20,1,0,0,0,3,0,0,1,0,1,0,12,0,5,0,1,0,0,0,0,1,6,0,0,0,0,0,1,0,0,1,0,1,0,4,0,3,3,1
0,0,0,0,1,0,0,1,0,0,0,0,4,11,1,0,0,0,0,2,1,0,0,0,0,0,0,0,6,1,0,0,0,2,2,0,1,0,0,0,13,2,3,0,1,0,0,1,0,0,11,0,1,0,0,4,0,0,2,0,4,9,0,0,3,0,0,0,3,0,0,0,0,4,0,0,0,1,0,0,0,0,0,0,0,0,0,0,13,0,0,0,0,0,0,1,0,0,0,0
0,0,0,0,9,0,0,0,0,0,1,0,1,0,0,0,3,0,1,0,0,0,2,3,0,10,28,1,1,0,31,0,1,0,2,0,1,5,1,0,0,1,0,1,0,0,0,3,0,0,0,0,0,0,0,1,0,0,1,0,4,0,2,1,0,8,4,1,0,0,0,1,1,0,4,0,1,0,5,0,2,0,0,0,30,10,3,0,0,0,1,5,0,7,0,0,0,0,3,0
4,0,0,0,0,0,0,0,3,4,1,2,0,0,0,0,2,0,6,0,0,0,0,0,1,0,0,0,0,0,0,2,0,0,0,16,0,0,0,0,0,0,0,3,0,0,0,0,0,3,0,0,0,0,0,0,0,11,1,28,0,0,1,0,0,0,0,1,0,5,6,1,0,0,0,1,0,0,0,3,0,0,0,3,0,0,0,8,0,2,1,0,4,0,1,0,0,1,0,0
0,2,2,0,1,0,0,24,0,0,1,0,31,29,3,0,0,0,0,1,1,0,0,1,2,0,1,2,22,4,0,0,0,2,0,0,3,1,1,0,116,11,8,0,14,5,1,2,0,0,34,0,8,0,0,26,3,0,4,0,10,46,0,0,35,2,0,0,22,0,0,0,5,11,4,0,1,15,0,0,0,1,6,0,0,2,0,0,63,0,0,0,0,0,0,10,1,0,3,0
0,2,0,0,2,0,0,24,0,0,0,0,30,20,0,0,0,0,0,5,1,0,0,1,0,0,0,1,9,5,0,1,0,7,2,0,1,1,0,2,91,5,5,0,7,2,0,2,0,0,25,0,2,3,0,7,1,0,2,0,7,31,0,0,35,0,0,0,16,0,0,0,6,11,4,0,1,9,0,0,0,2,3,0,1,0,0,0,43,0,0,0,0,1,0,5,0,1,2,0
0,0,0,0,12,0,0,0,0,2,6,0,1,0,0,0,5,0,0,0,1,0,3,3,2,13,45,0,0,2,45,1,0,1,3,0,1,8,1,1,0,5,0,1,0,0,0,5,0,2,0,0,0,0,0,0,0,0,0,0,3,0,2,2,1,13,9,0,0,1,0,0,1,0,6,0,2,0,10,0,7,0,0,3,48,14,3,0,1,0,1,13,1,8,0,1,0,0,5,0
8,1,1,56,0,1,81,1,27,0,0,0,0,0,2,120,0,12,2,0,0,236,0,1,2,0,0,1,0,0,0,3,0,1,0,1,1,0,0,2,0,0,0,0,1,0,0,1,18,0,0,61,1,0,97,0,2,3,0,3,0,0,0,0,0,0,0,4,0,1,7,8,0,1,0,9,0,0,0,7,1,1,0,1,0,0,0,23,1,1,6,0,4,1,20,0,6,1,0,2
0,0,0,0,0,1,0,2,0,0,0,0,9,10,0,0,0,0,0,2,1,0,0,1,0,1,0,0,1,0,0,0,0,1,0,0,0,0,0,0,22,1,2,0,0,0,0,0,0,0,2,0,0,0,0,3,0,0,0,0,1,11,0,0,6,0,0,0,6,0,0,0,1,5,6,0,0,2,1,0,0,0,1,0,0,0,0,0,9,0,0,0,0,0,0,0,0,1,0,0
0,0,2,0,20,1,0,4,0,2,4,3,13,9,2,0,3,0,0,0,1,0,0,10,0,3,7,2,4,13,7,0,0,5,4,0,0,9,6,2,12,11,0,1,6,0,0,23,1,0,2,1,1,0,0,24,0,0,9,0,75,6,0,0,3,6,0,0,6,0,1,1,33,3,26,2,11,2,5,0,0,5,10,2,3,14,1,0,13,0,0,6,1,9,0,12,0,7,21,0
0,0,0,0,37,0,0,0,0,1,6,0,1,1,0,0,4,0,0,1,0,0,7,8,3,45,105,8,0,2,122,0,1,0,17,0,0,18,3,0,0,9,0,0,1,0,0,27,0,1,0,0,1,0,0,1,0,0,1,1,7,3,2,8,1,23,11,2,1,0,2,0,0,0,10,0,7,0,42,1,12,0,0,2,108,28,4,0,0,2,2,12,1,25,0,1,0,4,12,0
3,1,0,39,1,1,57,0,19,0,0,0,0,0,1,65,0,3,0,0,1,112,0,1,1,0,0,0,0,1,0,2,0,0,0,2,1,0,0,0,0,0,0,0,0,0,2,0,7,0,0,35,0,0,64,0,0,0,1,2,0,0,0,0,0,0,0,2,0,0,2,5,0,0,0,5,0,0,0,3,0,2,0,0,0,0,0,5,0,0,3,0,0,0,12,0,3,0,0,1
1,17,5,19,0,12,25,0,3,0,0,0,0,1,16,14,0,301,1,0,4,12,0,3,0,0,0,1,0,7,0,1,0,3,0,0,13,1,1,15,0,0,2,0,1,15,12,0,6,0,0,5,6,5,8,3,4,0,1,0,0,1,0,0,0,0,0,0,0,0,0,13,1,0,0,11,0,0,0,3,0,4,2,0,0,0,0,0,0,0,0,0,1,0,4,1,12,4,0,2
0,0,0,2,0,0,6,0,2,0,0,0,0,0,0,7,0,0,0,0,0,9,0,0,0,0,0,0,0,0,0,0,0,0,0,0,0,0,0,1,0,0,0,0,0,0,0,0,1,0,0,1,0,0,1,0,0,0,0,0,0,0,0,0,0,0,0,0,0,0,0,0,0,0,0,1,0,0,0,0,0,0,0,0,0,0,0,0,0,0,1,0,0,0,1,0,0,0,0,0
0,0,0,0,0,0,0,4,0,0,0,0,2,6,0,0,0,0,0,0,0,0,0,0,0,0,0,0,4,1,0,0,0,3,0,0,0,0,1,0,25,1,0,0,1,0,0,0,0,0,2,0,0,0,0,4,1,0,0,0,1,10,0,0,4,0,0,0,3,0,0,0,2,3,2,0,0,3,0,0,0,0,0,0,2,0,0,0,16,0,0,1,0,0,0,2,0,0,0,0
25,0,0,0,0,0,0,0,5,8,3,8,0,0,0,1,1,0,59,0,0,0,0,0,22,2,0,7,0,0,0,6,4,0,0,66,1,0,0,0,0,0,0,7,0,0,0,1,0,4,0,4,0,0,6,0,0,67,0,151,0,0,4,1,0,1,0,7,0,20,19,2,0,0,0,4,1,0,0,11,3,0,1,7,0,1,4,23,0,25,14,2,9,0,2,0,0,2,2,5
12,0,0,1,0,0,0,0,3,4,3,4,0,0,0,0,0,0,17,0,0,2,1,1,2,0,1,2,0,0,0,4,1,0,0,34,0,0,2,0,0,0,0,3,0,0,0,0,2,2,0,2,0,0,2,0,0,23,0,55,0,0,2,0,0,0,0,12,0,6,7,0,0,0,0,1,0,0,0,5,0,0,0,4,0,0,3,4,0,12,3,2,2,0,2,0,3,1,0,1
0,0,1,0,21,1,0,2,0,1,3,1,18,10,1,0,2,0,0,5,0,0,0,18,1,4,3,2,3,7,9,5,0,15,14,1,1,8,10,1,6,13,0,1,6,1,0,32,1,2,3,0,2,2,0,26,1,0,7,0,109,11,0,0,4,12,2,2,5,0,1,2,41,1,44,1,13,1,7,1,2,10,16,0,3,12,1,0,19,1,0,2,5,14,1,22,3,7,26,1
0,0,0,0,39,0,0,0,0,0,4,2,3,0,0,0,4,0,0,2,0,0,8,3,2,52,68,4,0,2,108,1,1,0,13,0,0,15,2,0,0,8,0,0,0,0,0,14,0,2,0,0,0,0,0,1,0,0,2,1,9,1,0,6,0,21,16,1,0,0,0,0,2,1,10,0,7,0,42,1,16,0,4,3,84,26,5,0,1,1,0,15,0,22,0,0,1,1,16,0
0,0,0,0,3,0,0,1,0,0,1,0,6,3,0,0,1,0,0,1,0,0,0,1,1,0,1,0,2,3,2,0,0,2,5,0,0,4,1,0,1,5,1,0,2,0,0,8,0,1,2,0,1,0,0,4,0,0,3,0,35,0,0,0,0,3,0,0,0,0,0,0,15,0,6,0,2,0,2,0,1,0,4,0,2,5,0,0,2,0,0,1,0,2,0,6,0,2,3,1
26,1,1,28,0,2,8,0,6,4,4,5,0,0,1,9,1,1,4,0,1,6,0,10,6,1,2,6,0,2,0,31,1,2,1,5,7,1,8,13,0,0,0,0,1,0,0,0,67,1,0,26,0,0,17,2,0,15,8,3,0,0,1,0,0,0,0,12,0,2,24,38,0,2,1,145,4,0,3,54,0,9,2,1,0,0,0,7,0,2,39,1,20,0,88,3,49,9,2,20
8,0,0,49,0,1,69,0,12,0,0,2,0,1,0,57,0,6,0,0,1,149,0,0,0,0,1,1,0,1,0,1,0,2,0,1,1,1,1,0,0,0,0,0,0,2,0,1,8,0,0,42,0,0,65,0,0,4,0,2,0,0,0,0,0,0,0,0,0,0,3,5,0,0,0,4,0,0,0,9,0,1,0,0,0,0,0,6,0,1,4,0,1,0,7,0,5,0,0,4
0,0,1,0,20,0,0,0,0,3,6,0,0,4,0,0,7,0,0,0,0,0,8,4,4,36,90,5,0,0,88,0,2,0,13,0,0,12,1,0,0,3,0,1,0,0,0,6,1,3,0,0,0,0,0,1,0,0,1,0,7,1,2,2,0,12,15,2,1,0,0,0,6,0,7,0,7,0,19,0,14,1,0,3,111,25,8,0,1,0,1,20,1,26,0,1,0,3,4,2
6,0,0,5,2,0,1,0,1,0,1,0,0,0,0,2,0,0,1,0,1,2,0,0,4,0,1,2,0,0,0,4,0,3,0,1,1,1,3,0,1,0,0,0,2,0,0,0,11,0,0,9,0,0,2,0,0,2,1,0,1,0,0,0,0,0,0,3,0,0,7,9,0,0,0,27,2,0,0,10,0,3,0,0,0,0,0,0,0,0,5,0,3,0,11,1,5,3,0,2
1,0,0,0,2,0,0,0,0,0,0,0,0,0,0,0,0,0,0,0,0,0,1,0,0,8,8,0,0,0,7,0,0,0,1,0,0,0,0,0,0,0,0,0,0,0,0,0,0,0,0,0,0,0,0,0,0,0,0,0,0,0,0,0,0,0,2,0,0,0,0,0,0,0,0,0,0,0,2,0,1,0,0,1,9,1,1,0,0,0,0,2,0,0,0,0,0,0,0,0
0,0,1,0,1,0,0,6,0,0,1,0,12,9,0,0,0,0,0,0,1,0,0,2,0,1,0,0,5,1,1,0,0,2,1,0,1,1,0,0,32,2,3,0,4,0,1,1,0,0,8,0,0,0,0,4,2,0,0,0,7,13,0,0,12,2,0,1,5,0,0,0,1,4,2,1,0,4,0,0,0,0,2,0,0,0,0,0,17,0,0,0,0,0,0,3,0,0,1,0
7,0,0,64,0,1,81,0,22,0,0,0,0,0,0,85,0,7,0,0,0,195,0,0,1,0,0,0,0,0,1,2,0,0,0,0,0,1,0,2,0,0,0,0,0,0,0,0,13,0,0,44,0,1,81,0,1,2,0,2,0,0,0,0,0,0,0,2,0,0,5,2,0,0,0,16,0,0,0,5,1,2,1,0,0,0,0,8,0,0,7,0,1,0,15,1,7,0,0,1
0,0,0,0,20,0,0,1,0,0,0,1,14,14,2,0,2,0,0,1,0,1,1,8,1,4,3,3,5,6,1,0,2,8,11,0,3,4,6,0,12,13,1,0,6,1,0,23,1,0,2,0,2,0,0,21,0,0,2,0,93,3,0,2,2,11,0,0,3,0,1,1,30,2,19,0,8,0,5,0,0,4,14,1,3,15,3,0,11,0,1,2,0,12,1,27,2,10,13,2
20,0,0,0,0,0,0,0,2,5,1,11,0,0,0,1,3,0,46,0,0,2,0,1,13,0,1,3,0,0,0,6,5,0,0,45,0,0,2,1,0,0,0,4,0,0,0,1,0,8,0,4,0,0,3,0,0,50,1,91,1,0,3,0,0,0,0,4,0,15,19,1,1,0,0,6,3,0,0,6,0,0,0,4,0,0,4,16,0,15,7,2,8,0,6,0,1,1,0,6
39,0,0,8,0,0,4,0,12,3,4,17,1,0,0,1,4,0,67,0,0,1,0,1,20,1,0,8,0,1,0,17,8,0,0,108,0,0,3,0,0,0,0,7,0,1,0,1,4,13,0,4,0,0,3,0,0,91,0,188,0,0,8,2,0,0,0,20,0,29,35,2,0,0,1,6,0,0,0,14,4,1,0,9,0,1,2,27,0,26,16,2,13,0,2,0,1,5,1,8
0,0,0,0,4,0,0,0,0,0,0,0,0,0,0,0,1,0,0,0,0,0,1,1,1,6,16,1,0,0,11,0,0,0,1,0,0,2,0,0,0,0,0,0,1,0,0,1,0,0,0,0,0,0,0,0,0,0,0,0,2,0,0,1,0,3,1,0,0,0,0,0,1,0,1,0,1,0,1,0,0,0,0,0,14,3,2,0,0,0,0,1,0,1,0,1,0,0,1,0
1,13,6,7,0,15,15,2,0,0,0,0,1,1,10,17,0,256,0,0,10,8,0,0,1,0,0,0,0,2,0,2,0,4,0,0,7,0,0,12,0,0,1,0,1,11,16,0,9,0,0,6,5,4,5,0,1,0,3,0,1,0,0,0,0,0,0,0,0,0,0,19,1,2,1,2,0,1,0,1,0,3,0,0,0,0,0,1,1,0,1,0,2,0,6,0,9,1,1,0
21,0,0,22,0,1,3,0,8,1,3,4,1,1,1,7,2,3,3,0,2,11,1,5,4,0,1,5,3,5,1,15,6,3,1,6,7,1,7,2,1,0,0,0,0,2,0,1,76,2,0,26,0,0,10,0,0,6,5,5,0,1,0,1,0,0,0,15,0,1,20,33,0,0,1,140,3,0,1,49,0,8,5,0,0,0,2,4,0,3,46,0,18,2,62,4,52,9,2,24
5,0,0,6,0,0,1,0,3,0,0,0,0,0,0,0,0,1,0,0,0,0,0,1,0,0,0,1,1,1,0,2,0,0,0,1,0,0,0,2,0,0,0,0,0,0,0,0,10,0,0,2,1,0,1,0,0,1,0,0,0,0,0,0,0,0,0,2,0,0,4,2,1,0,0,16,0,0,0,7,0,0,0,0,0,0,1,1,0,0,4,0,3,0,12,0,7,1,0,5
2,0,1,27,0,0,50,0,14,0,0,0,0,0,0,53,0,0,1,0,1,112,0,0,0,0,0,1,0,0,0,1,0,1,0,1,1,0,0,2,0,0,0,1,0,1,1,0,7,1,0,39,0,0,42,0,0,2,0,0,0,0,0,0,0,0,0,0,0,0,1,4,0,0,0,9,0,0,0,2,0,0,0,0,0,0,0,11,0,0,4,0,2,0,10,1,2,0,0,1
8,0,0,2,0,0,1,0,5,5,3,5,0,0,0,0,3,0,25,0,0,0,0,0,4,0,0,2,0,0,1,4,10,0,0,38,0,0,0,0,0,0,0,5,0,0,0,0,1,7,0,2,0,0,0,0,0,32,0,47,1,0,3,0,0,0,0,4,0,12,12,1,0,0,0,0,0,0,0,2,1,1,0,4,0,0,4,12,0,8,1,1,1,0,1,0,1,1,0,3
0,0,0,0,7,0,0,0,0,0,2,0,0,1,0,0,0,0,0,2,0,0,5,1,0,14,41,1,0,0,32,0,2,1,5,0,0,7,0,0,0,0,0,2,0,0,0,5,0,2,0,0,0,0,0,0,0,0,1,0,1,0,0,5,0,6,6,0,0,0,0,0,1,0,2,0,1,0,8,0,2,0,0,0,31,8,0,0,0,0,0,3,1,8,0,0,0,0,3,0
6,0,0,72,1,0,72,1,23,0,1,2,0,0,1,105,0,6,3,0,0,189,0,0,0,0,0,0,0,1,0,0,1,2,0,1,1,0,0,1,0,0,0,0,0,0,0,0,12,0,0,56,1,0,86,0,0,2,3,1,0,0,0,0,0,0,0,3,0,4,4,6,0,0,0,9,0,0,0,7,0,1,0,1,0,0,0,15,0,0,8,0,3,0,19,0,11,1,0,4
0,0,0,0,3,0,0,0,0,1,1,0,1,0,0,0,0,0,0,0,0,0,0,0,0,11,14,0,0,0,23,0,0,0,0,0,0,3,0,0,0,0,0,0,0,0,0,1,0,0,0,0,0,0,0,0,0,0,0,0,1,0,0,3,0,9,2,0,0,0,0,0,0,0,2,0,1,0,2,0,3,2,0,0,15,4,0,0,0,0,0,0,1,4,0,1,0,0,2,0
13,1,1,8,14,3,15,6,8,1,4,5,7,9,2,14,4,48,17,2,2,26,4,5,6,18,25,3,3,3,19,2,3,3,7,25,6,3,2,4,36,4,0,3,4,2,1,4,6,2,11,8,1,3,7,10,2,17,3,34,7,20,2,1,11,10,5,5,2,3,13,3,6,1,4,11,4,4,9,10,3,2,1,3,27,7,1,8,33,8,4,6,5,7,9,3,13,3,6,7
4,1,1,11,11,1,8,2,5,2,4,1,7,4,5,16,2,28,22,1,1,13,5,0,6,18,26,2,4,2,42,7,4,3,6,25,2,6,3,3,12,2,1,4,1,1,2,13,2,1,1,3,2,0,9,5,0,19,2,44,10,10,3,2,3,9,1,7,2,6,6,2,5,3,5,8,9,1,10,4,3,1,3,2,19,11,4,4,3,7,6,4,4,10,7,6,1,4,7,5
12,1,2,19,18,0,21,3,9,1,0,4,13,10,2,34,1,21,7,2,1,55,0,9,4,13,12,0,13,4,10,10,5,5,4,9,1,2,3,2,21,8,4,0,5,0,1,9,10,3,7,19,3,2,23,12,0,14,5,32,40,11,1,0,5,3,0,9,6,4,10,5,18,1,13,23,2,1,7,11,0,3,2,3,15,5,2,13,12,6,10,4,5,6,21,8,14,0,7,3
2,0,1,1,3,0,0,0,0,0,0,0,0,2,0,1,0,4,3,0,0,0,0,3,2,4,11,0,0,1,8,1,1,0,1,3,1,0,0,2,1,1,0,1,0,1,0,4,1,0,0,0,0,0,0,1,0,3,0,10,4,0,0,0,0,3,2,2,0,2,1,1,1,0,2,2,2,0,2,1,1,1,0,0,6,0,0,0,0,0,0,2,0,2,0,1,1,1,1,0
5,1,5,15,8,4,24,6,7,3,3,3,12,15,2,36,2,57,4,2,2,42,5,3,1,14,32,2,7,3,31,5,2,6,3,4,3,8,1,3,27,7,4,3,3,0,3,17,13,1,11,28,2,2,21,10,2,3,1,4,14,13,0,2,14,4,5,6,3,0,5,6,5,5,9,18,2,2,12,5,5,4,3,1,35,15,2,6,18,0,12,6,1,13,15,3,11,6,10,7
5,3,0,9,7,2,5,0,3,3,2,6,4,1,3,7,2,25,14,0,0,8,3,8,2,16,32,1,2,1,27,7,1,0,7,16,4,2,2,4,6,2,0,1,0,0,1,11,14,2,2,10,1,1,3,2,0,17,4,21,20,9,1,1,2,6,9,5,3,7,10,2,4,0,8,21,5,0,7,11,7,5,2,1,26,11,3,2,4,6,15,8,6,4,8,3,9,5,3,5
0,0,0,1,3,0,3,1,1,1,0,1,0,0,0,1,0,2,0,0,1,3,1,1,0,1,6,2,0,0,9,1,1,0,0,2,1,1,0,0,3,2,0,1,0,0,0,0,0,0,0,1,0,0,2,1,0,0,0,1,1,2,0,0,0,1,0,0,0,1,0,1,1,0,1,3,0,1,3,0,0,0,0,0,6,1,0,1,2,0,1,2,0,1,1,0,0,0,0,0
5,0,1,12,7,2,9,5,3,2,3,0,11,6,1,13,0,26,1,3,1,30,4,3,0,8,27,0,4,1,24,2,0,1,4,0,2,3,1,3,17,2,4,0,2,1,0,5,6,0,7,7,1,0,10,5,2,0,2,1,7,14,0,3,10,4,5,5,7,1,4,5,5,2,7,20,2,1,8,11,1,4,2,0,19,9,1,1,8,1,8,2,1,10,13,10,8,1,3,4
8,0,0,2,1,1,6,1,2,0,1,0,3,3,2,9,0,16,6,0,0,10,0,0,2,0,1,2,0,1,4,5,1,2,0,2,1,1,0,0,2,2,2,4,4,2,0,3,2,0,0,5,0,0,3,0,0,4,1,10,3,5,0,1,0,0,0,1,1,3,0,3,0,1,2,4,0,1,0,2,0,2,1,1,3,2,1,3,5,2,1,1,1,2,4,4,1,1,0,0
1,0,0,8,3,0,1,3,5,1,2,0,4,1,0,6,0,11,0,1,1,11,3,2,0,9,18,0,0,1,12,2,0,1,3,1,0,2,0,1,4,0,1,0,0,1,0,3,5,0,1,5,0,0,3,1,0,1,1,0,2,3,0,0,2,1,1,2,0,0,2,2,4,2,3,8,0,0,4,1,1,1,1,1,16,6,0,2,1,0,1,2,0,3,3,1,2,2,5,0
4,1,1,2,12,4,3,0,0,1,1,4,8,2,0,3,1,44,8,0,3,2,1,1,0,14,41,1,2,4,34,5,5,0,2,13,1,5,0,3,7,3,0,0,2,2,2,7,1,1,1,4,4,1,4,1,1,7,3,12,11,3,1,2,5,6,2,3,1,4,3,4,10,1,6,0,3,1,12,4,4,1,3,4,36,8,1,1,2,5,3,5,4,9,4,4,3,0,6,3
3,0,0,5,4,1,5,3,3,0,1,0,1,0,0,3,1,15,0,0,0,6,0,4,1,3,1,1,0,1,2,1,0,0,2,1,0,0,3,1,6,1,1,0,2,1,0,1,7,0,1,3,2,0,0,0,0,1,0,1,4,1,0,0,1,2,0,0,1,0,3,2,6,0,2,7,1,0,3,2,0,0,1,0,5,1,0,1,2,0,0,0,2,1,5,1,4,1,3,6
5,1,1,14,1,3,13,6,1,1,1,1,5,10,3,20,4,34,3,3,2,20,0,2,1,7,19,0,3,0,14,4,0,6,1,4,6,0,3,0,20,2,3,0,4,1,3,1,8,0,5,13,2,0,23,1,0,6,3,9,3,8,0,0,2,5,2,4,4,3,5,5,4,7,2,25,0,2,6,13,4,3,2,0,22,3,1,1,9,4,4,3,1,1,20,0,3,3,4,3
5,0,0,3,0,0,4,0,1,0,1,0,0,0,1,9,0,6,3,0,1,4,1,0,1,2,9,2,0,1,12,2,0,1,3,4,0,1,0,0,3,1,0,1,0,0,0,0,2,1,0,0,0,0,2,0,0,3,0,7,1,0,0,0,0,3,0,2,0,0,1,0,1,1,0,4,2,0,2,3,1,0,2,0,6,3,0,0,1,1,3,3,0,3,4,0,1,1,1,1
9,6,0,10,5,1,11,0,2,4,1,3,2,1,1,10,0,14,7,1,1,14,3,0,1,10,17,2,1,0,11,4,5,1,1,4,3,3,1,2,9,4,1,3,1,1,0,5,10,2,1,14,1,0,7,3,2,6,2,11,3,0,2,1,6,4,2,2,1,0,6,7,2,0,1,13,1,1,5,13,3,3,1,1,24,4,3,4,3,2,8,3,5,3,22,4,6,2,3,3
6,0,1,12,11,0,14,1,6,2,2,2,3,3,1,24,3,20,14,1,0,31,1,3,5,10,16,3,0,3,34,5,2,6,5,12,2,2,4,4,5,5,1,1,4,1,0,4,23,2,0,14,1,0,13,1,2,16,4,34,9,2,2,2,2,4,0,2,2,3,6,11,6,1,3,34,4,0,6,17,4,3,1,2,24,7,4,13,0,5,11,4,4,5,23,3,5,6,4,8
12,2,1,3,7,1,7,6,7,2,7,2,11,10,0,4,4,8,10,1,1,11,5,3,2,15,27,3,8,5,36,4,7,1,4,11,3,5,8,1,30,5,4,3,5,0,0,6,17,11,11,6,3,2,6,8,1,22,8,19,6,16,2,2,15,6,10,6,6,1,4,8,1,3,4,47,3,2,13,9,2,3,5,2,22,5,2,5,15,6,6,9,11,8,24,5,15,5,5,12
12,2,2,22,9,4,16,3,4,1,1,8,10,14,2,17,3,74,19,2,3,19,4,5,3,5,26,1,4,3,22,5,7,5,4,17,4,5,3,10,28,5,2,1,8,2,0,4,16,2,3,12,2,7,11,8,5,12,7,42,15,14,0,1,10,2,4,2,4,8,15,8,5,2,7,26,2,5,8,13,3,4,4,1,26,9,1,12,16,4,5,3,9,9,12,11,13,4,4,5
1,0,3,6,11,1,6,1,3,0,3,4,7,4,2,4,1,13,7,1,0,12,0,1,1,12,17,2,1,3,17,2,1,7,4,6,1,6,0,1,16,1,1,2,1,0,1,7,2,2,0,3,2,0,1,5,1,8,1,9,15,6,1,3,12,6,3,1,7,4,2,2,8,0,9,8,1,3,6,4,0,2,2,2,20,9,0,2,11,0,5,5,0,3,6,4,2,3,4,2
3,1,1,11,4,1,12,1,3,0,0,1,4,1,3,8,0,38,1,0,1,28,1,2,0,0,9,4,1,1,8,2,0,5,3,3,2,1,1,2,2,8,1,2,1,1,2,10,4,0,0,7,0,1,14,5,0,3,1,3,13,0,0,0,0,3,2,0,5,0,1,3,8,1,6,3,2,1,2,2,1,3,7,0,6,3,1,0,1,0,0,2,2,5,3,5,2,2,4,2
10,3,2,22,9,5,28,1,3,0,7,2,14,4,5,24,3,96,2,4,4,35,0,2,4,6,28,3,1,6,25,6,1,3,14,5,4,4,6,8,5,1,1,2,2,3,1,12,20,0,1,14,5,3,16,10,1,2,6,5,44,5,1,2,4,10,2,4,4,2,3,6,13,0,12,28,3,1,9,16,0,7,6,1,27,9,1,4,3,1,12,10,0,5,21,8,16,7,12,5
5,0,3,17,4,1,17,8,8,3,1,7,12,20,2,18,2,6,8,0,2,41,0,2,2,8,31,5,10,1,10,4,5,3,2,12,3,1,1,2,57,8,2,1,8,1,0,5,11,2,18,14,3,1,23,13,2,10,6,13,27,19,1,3,20,6,0,6,11,1,6,9,8,7,11,16,2,2,6,7,1,0,3,1,22,8,3,5,25,4,4,6,7,8,13,12,9,4,6,3
9,0,1,16,5,1,19,2,7,2,1,6,9,9,1,15,0,4,11,1,1,45,1,2,4,3,12,2,8,5,11,5,4,4,2,15,0,2,2,3,22,5,0,4,3,2,1,2,4,3,8,11,2,1,22,8,0,14,2,30,12,18,1,0,13,4,1,2,4,7,12,5,10,7,7,9,4,1,2,5,5,3,6,1,14,3,1,9,14,3,3,0,4,5,8,3,3,2,1,0
11,3,2,8,5,5,11,1,4,0,3,9,7,5,5,14,1,37,10,1,3,16,3,2,2,15,28,4,4,4,37,5,1,3,6,11,2,10,3,7,13,5,3,1,1,0,1,17,13,1,1,7,1,0,9,13,2,15,3,26,30,12,2,2,5,8,5,10,2,4,11,7,10,1,7,31,4,2,6,6,2,5,4,3,33,9,2,2,7,7,10,6,10,10,13,8,8,3,12,4
5,4,0,18,13,3,18,3,7,1,2,4,8,15,6,16,1,40,8,4,2,39,2,5,4,14,16,1,8,6,20,0,1,5,7,18,3,7,2,4,27,7,1,1,5,2,0,13,12,3,3,12,2,5,10,12,1,9,2,12,29,10,2,1,15,3,3,4,3,5,5,7,16,4,19,13,3,1,7,3,5,5,4,1,33,7,1,4,21,4,5,3,2,9,8,5,10,3,7,6
9,1,2,6,3,2,2,1,3,0,0,3,4,2,1,5,5,18,6,0,0,3,3,3,2,18,26,3,0,1,19,6,2,1,4,11,3,2,0,3,2,3,0,3,2,0,1,8,4,1,1,3,2,3,2,2,0,8,3,24,8,2,0,1,1,6,5,3,1,5,6,1,4,1,4,10,4,1,12,8,2,3,2,0,31,8,1,3,3,4,4,4,3,9,8,1,5,4,3,2
3,0,0,3,1,0,3,1,2,0,0,3,6,2,0,2,1,8,2,2,1,3,1,2,1,2,11,1,1,1,10,1,3,1,4,9,0,4,3,0,9,3,1,0,1,1,0,6,5,0,4,1,1,0,0,9,0,11,2,12,10,8,0,0,4,3,3,1,2,2,2,1,8,1,5,8,3,0,3,1,2,4,1,0,10,6,5,3,9,2,2,0,2,3,3,3,1,1,3,3
5,2,0,12,13,2,15,5,6,2,4,5,9,7,6,14,1,36,19,1,4,39,3,2,2,18,56,7,3,2,58,4,1,2,9,17,1,5,5,0,9,2,2,5,3,0,3,16,4,5,0,19,1,1,16,7,0,16,2,31,17,6,0,4,2,9,5,2,1,3,9,5,9,1,3,10,8,0,12,4,6,1,5,1,43,13,5,5,1,6,7,10,6,15,11,3,10,4,10,10
1,0,1,18,4,1,14,0,3,0,0,2,6,5,0,13,2,13,6,1,0,28,1,3,0,10,26,1,0,2,22,4,0,1,10,13,1,2,1,4,9,5,0,0,1,1,1,7,5,0,1,13,2,0,11,5,0,6,0,9,9,3,0,4,1,6,2,1,1,2,4,4,8,0,3,7,3,1,6,1,2,0,4,0,29,8,0,6,1,2,6,2,4,8,2,6,4,1,11,2
0,0,0,0,0,0,1,1,0,1,0,0,0,0,0,1,0,1,0,0,0,0,0,0,0,0,2,0,0,0,0,0,0,0,0,0,0,0,0,2,0,0,0,0,0,1,0,0,1,0,0,1,0,0,1,0,0,1,0,0,2,0,0,0,0,1,0,0,1,0,0,0,0,0,0,0,1,0,0,0,0,0,0,0,0,0,0,0,0,0,0,0,0,0,2,0,1,0,0,0
3,2,1,10,8,5,11,2,1,0,4,0,4,2,5,12,1,74,5,1,2,11,0,1,5,19,32,3,5,0,35,1,2,1,5,5,3,8,4,2,15,5,0,1,6,4,4,4,4,2,4,6,2,1,6,0,4,2,1,4,4,3,1,2,2,7,4,2,1,5,5,3,3,2,6,10,3,4,6,8,2,4,5,0,23,6,2,0,6,3,3,4,2,7,8,2,5,2,3,2
6,0,0,3,5,1,14,1,4,0,2,4,1,0,0,13,0,13,6,1,0,24,2,1,4,4,16,7,4,0,23,4,2,0,3,8,0,5,0,1,8,2,1,0,0,2,1,4,3,2,5,10,1,0,10,0,2,15,0,22,4,7,2,1,4,2,1,1,0,3,7,0,0,1,3,8,2,1,8,6,0,1,1,1,22,6,3,7,2,4,6,2,1,3,5,3,3,0,4,4
5,3,2,7,10,0,9,2,2,0,2,2,5,6,2,13,0,25,2,1,1,18,4,2,2,8,21,1,2,2,16,2,3,4,2,1,4,4,0,2,10,3,3,1,2,0,2,5,7,2,6,10,0,1,8,6,0,4,1,10,14,11,0,0,5,7,5,8,6,1,5,3,4,5,9,9,1,0,9,5,2,5,5,0,15,11,1,4,7,0,4,5,5,5,10,3,9,1,6,6
0,0,0,1,4,0,0,0,1,0,0,0,0,0,0,1,0,0,1,0,0,2,0,0,0,1,5,0,0,0,10,1,0,0,0,3,0,0,0,0,3,0,0,1,0,0,0,1,0,0,0,0,1,0,1,0,1,1,0,4,1,1,0,0,0,3,2,1,2,0,3,1,0,0,0,2,2,0,4,4,1,1,0,0,5,0,0,0,3,0,1,1,1,2,1,2,0,2,4,0
4,5,3,9,15,1,8,5,2,1,1,3,13,9,0,9,3,41,2,2,3,12,3,2,0,22,33,1,6,8,26,3,0,4,8,8,4,7,3,7,14,8,2,0,2,5,3,11,7,0,5,3,5,2,6,5,2,4,4,15,22,11,2,1,8,13,6,4,8,1,3,1,14,5,16,7,6,4,14,2,4,4,2,0,32,16,3,2,14,3,3,3,3,7,8,5,6,5,10,1
0,0,0,1,2,0,1,0,0,0,0,0,0,0,0,2,0,4,0,0,1,10,0,1,0,3,2,1,0,0,6,0,0,0,0,0,2,1,0,0,1,0,0,0,0,0,0,0,1,0,0,1,0,0,2,0,0,0,0,1,0,0,0,1,0,0,0,1,0,1,1,0,2,0,1,6,1,0,1,2,0,0,0,0,8,1,1,0,0,1,1,0,1,1,1,0,0,1,1,1
10,0,4,16,8,3,18,4,7,1,2,6,12,8,1,12,3,27,10,0,2,35,2,4,5,13,16,3,4,5,29,17,2,4,4,11,5,1,6,1,14,5,2,1,5,0,3,14,19,3,2,19,2,4,19,8,0,9,5,14,20,11,1,1,6,6,0,5,2,0,13,20,9,3,12,60,4,1,8,23,0,7,2,0,18,10,2,5,3,2,10,9,15,4,33,5,12,7,7,11
5,3,1,13,6,4,14,1,10,0,1,4,3,7,1,22,3,85,7,0,4,58,2,5,0,20,29,2,7,1,26,6,3,4,7,10,3,3,2,5,16,5,2,1,0,0,3,0,12,2,4,16,1,2,21,3,0,12,1,23,2,11,0,3,8,4,5,3,2,2,3,7,3,2,6,15,1,3,13,10,4,4,1,5,19,5,2,5,7,4,5,2,4,12,11,3,8,2,7,7
10,3,0,17,9,4,12,3,7,0,2,4,9,8,7,17,1,57,9,1,1,26,0,3,3,12,22,1,5,7,26,3,0,2,10,14,2,6,1,5,29,6,2,0,4,2,4,3,15,1,5,8,4,0,17,8,1,8,2,18,7,9,3,1,7,7,3,7,6,1,3,8,6,2,4,17,3,0,9,13,3,3,0,2,13,11,1,4,10,2,11,4,4,4,12,5,10,2,3,1
2,0,1,13,7,3,18,4,3,1,1,1,6,5,3,19,0,24,4,3,2,45,3,6,1,11,27,0,1,4,16,1,3,7,8,7,1,3,5,5,5,4,0,0,4,1,3,5,8,2,6,15,3,1,13,6,1,8,2,11,14,0,0,3,4,5,6,4,3,0,3,3,13,3,13,18,7,2,10,7,2,3,4,1,17,4,0,3,5,0,10,4,0,4,17,5,8,5,4,5
9,4,4,7,10,3,11,6,5,4,4,6,15,22,5,10,3,61,16,2,2,9,3,4,7,8,12,4,7,3,16,5,0,4,7,23,3,2,5,3,39,5,3,2,4,2,3,9,9,3,9,12,6,2,8,12,4,19,2,41,29,24,4,1,20,5,2,5,13,8,8,6,7,3,9,14,2,5,5,9,1,5,8,2,18,8,2,6,21,6,7,3,1,7,5,7,9,4,14,5
1,3,3,13,7,4,9,4,6,2,0,4,11,6,1,21,1,70,3,2,5,34,0,8,2,13,19,1,7,3,34,2,1,2,4,4,3,6,4,9,27,7,2,0,2,1,1,7,6,1,10,22,1,0,14,9,0,4,3,6,13,10,1,0,16,5,2,3,4,2,6,4,14,3,7,12,5,2,9,8,2,1,5,1,18,6,1,1,11,2,3,5,2,7,12,3,12,1,5,2
0,1,1,2,2,2,0,0,0,0,1,0,0,0,2,2,0,8,1,0,0,1,0,0,0,2,2,0,0,0,4,0,0,0,2,0,0,0,1,1,1,2,0,0,1,0,1,0,6,0,0,0,0,1,0,0,0,1,1,2,0,0,0,0,1,1,1,0,0,0,1,2,0,0,1,4,0,0,1,1,0,0,1,0,4,0,0,0,2,0,1,1,0,3,2,1,1,2,0,2
6,1,0,21,19,0,28,3,10,1,2,2,6,9,1,19,3,4,7,2,1,67,6,7,3,29,41,4,1,2,32,4,4,1,10,17,5,5,5,3,14,6,0,2,6,1,0,8,15,3,5,10,1,0,23,11,1,11,2,29,30,7,2,2,3,9,7,5,5,4,11,8,14,1,14,16,10,0,9,11,5,6,7,2,29,15,3,5,12,3,6,9,3,17,14,8,9,6,10,15
3,1,1,6,2,1,2,1,3,0,0,2,5,2,0,3,1,7,1,0,0,8,0,3,0,7,14,0,0,0,18,0,0,1,2,5,0,2,1,1,8,0,0,0,1,1,0,11,4,1,5,3,1,1,4,3,0,3,0,2,7,4,0,0,6,7,5,1,3,2,4,0,4,1,5,3,0,0,6,2,4,1,0,0,10,4,0,0,1,0,1,2,2,7,1,2,0,0,3,1
0,0,1,2,4,0,2,2,1,0,0,0,0,0,1,1,0,1,1,1,0,2,0,4,0,4,10,1,2,2,6,0,0,2,2,0,0,2,0,0,4,2,0,0,2,1,0,3,0,0,4,1,1,0,3,0,0,1,0,3,6,5,1,0,4,3,0,1,3,0,1,2,3,3,1,3,2,0,2,0,0,1,1,0,4,1,0,0,8,0,1,1,0,4,2,0,1,2,1,1
2,4,1,7,6,2,10,2,2,1,1,4,3,2,2,8,1,41,5,1,3,20,1,4,4,6,17,3,0,1,20,3,1,2,2,7,0,2,2,3,2,2,1,1,2,7,5,3,5,0,0,8,2,0,7,2,3,7,1,7,13,5,1,0,1,3,3,0,1,2,4,3,10,0,2,14,1,1,7,9,3,3,2,1,16,6,0,4,8,0,5,6,2,4,10,3,7,2,4,3
5,1,3,10,2,1,14,2,4,2,5,5,5,9,0,10,0,12,14,2,0,18,2,3,4,9,19,1,5,3,19,6,5,1,2,11,1,4,0,1,20,2,2,0,6,0,0,2,12,3,7,19,2,0,7,5,0,16,2,22,5,6,0,1,9,3,2,6,6,4,6,5,2,3,5,25,2,3,6,5,1,2,1,4,18,5,3,9,10,5,10,2,3,8,9,1,5,2,3,4
1,0,0,0,1,0,1,0,0,0,1,1,2,2,0,2,1,0,1,1,0,7,0,1,0,4,1,0,1,0,0,0,1,0,1,1,1,1,0,0,2,0,1,0,0,0,0,1,2,0,0,0,1,0,1,0,0,1,1,2,4,0,0,0,2,1,0,0,1,0,2,0,2,1,1,1,1,0,2,1,2,0,0,0,6,1,0,0,3,1,0,1,0,0,0,1,0,0,1,1
8,3,0,13,4,5,21,5,3,0,1,2,5,9,5,24,1,68,9,2,2,31,3,1,4,14,24,4,3,4,34,5,1,5,4,12,4,4,2,8,29,4,1,3,6,5,1,6,16,1,6,13,1,1,13,4,0,8,2,22,9,9,0,4,20,6,4,7,8,5,6,11,6,7,8,35,4,5,11,18,5,3,3,1,29,6,3,6,14,3,18,7,5,4,32,1,18,3,2,2
2,2,0,2,5,0,0,0,2,0,1,2,2,3,1,1,0,8,3,0,1,1,0,2,0,5,6,2,1,2,9,0,1,2,4,1,2,1,3,0,2,0,1,0,1,0,0,2,2,0,4,0,0,0,1,4,1,3,2,1,14,2,0,0,2,2,0,2,3,0,0,0,3,0,5,6,1,0,2,3,0,3,1,0,5,1,1,2,8,0,3,4,0,2,3,2,5,1,1,2
1,2,0,5,0,3,2,0,1,0,0,1,1,4,1,6,0,22,1,0,0,8,0,2,0,5,6,2,1,1,8,1,0,0,2,3,2,4,5,0,3,2,0,0,0,2,0,5,1,1,1,1,0,0,3,3,0,0,0,2,7,2,0,0,3,2,2,2,2,3,1,0,3,2,3,1,0,0,4,1,0,0,2,1,5,1,0,1,2,3,1,1,1,2,1,0,1,1,1,0
1,0,0,2,0,0,3,2,1,0,0,0,4,2,1,15,0,6,3,0,0,10,1,0,0,4,1,1,2,1,4,1,2,4,0,1,0,0,1,1,12,1,0,0,2,1,1,2,0,0,1,8,1,1,4,5,0,1,3,5,6,2,1,0,3,2,0,0,0,0,1,1,6,1,3,8,0,0,0,1,0,0,3,1,2,2,0,0,4,0,3,1,1,2,2,1,2,0,3,0
6,0,3,9,9,0,12,5,6,1,1,7,22,18,2,10,1,29,13,2,3,34,2,8,3,11,14,4,10,7,31,4,2,6,10,12,3,7,5,2,31,8,3,3,3,1,3,11,3,1,6,8,4,0,19,16,3,15,5,32,31,19,1,2,12,5,1,3,7,3,10,7,13,9,20,3,4,4,6,4,2,1,5,1,25,11,3,12,21,5,2,5,7,11,2,13,4,2,7,5
5,1,2,2,9,0,9,0,4,1,1,5,4,3,0,5,1,19,9,0,2,11,1,4,1,7,10,3,1,5,22,7,2,4,4,9,3,2,6,6,7,1,0,0,2,0,0,5,10,1,3,10,2,1,5,3,2,8,6,21,20,2,1,1,2,4,1,3,3,1,9,5,9,2,12,10,4,0,6,9,1,4,2,0,18,12,0,4,2,1,8,1,2,5,12,5,9,4,11,2
7,5,1,18,9,3,17,1,2,1,3,2,10,3,4,25,1,62,10,0,1,40,1,3,5,5,15,5,2,2,15,8,2,2,3,17,5,2,1,4,2,2,0,2,2,3,1,6,7,2,1,15,1,0,22,1,1,9,0,17,25,2,0,1,0,4,3,6,3,3,6,6,7,0,11,18,4,0,3,7,2,2,6,0,12,3,4,3,4,1,9,5,0,1,15,4,10,4,6,2
2,2,1,9,4,2,17,3,6,1,1,1,10,7,0,21,0,41,3,3,2,22,2,7,2,2,12,0,3,3,9,2,2,5,5,3,6,0,1,5,15,3,4,2,1,4,3,4,2,2,4,6,2,3,11,8,2,4,1,2,10,7,1,0,11,0,1,2,6,1,1,3,8,6,13,10,0,2,3,4,2,1,7,1,6,3,1,3,18,1,5,0,2,3,13,7,8,2,8,0
3,5,1,6,10,2,4,4,0,0,2,4,10,8,1,3,1,58,5,1,1,8,2,4,1,16,22,3,4,0,15,0,0,3,2,7,2,6,2,2,22,2,1,1,3,3,1,7,7,1,6,5,1,2,3,8,1,7,1,12,12,11,0,4,9,9,8,1,4,1,3,3,4,6,4,7,2,1,7,4,2,3,2,2,25,3,2,3,14,3,4,2,3,7,6,1,5,2,9,0
4,4,2,27,5,5,16,1,4,2,1,6,2,4,3,23,4,87,2,2,2,46,5,3,1,23,39,3,1,3,40,1,2,2,6,5,0,7,1,6,10,3,1,1,1,5,4,6,10,0,2,14,3,1,19,4,4,6,4,8,4,3,2,2,0,6,8,5,2,4,8,14,4,3,3,18,7,0,17,9,4,0,4,2,38,14,1,6,3,1,12,1,4,9,22,2,7,0,5,3
2,6,0,10,10,6,7,4,1,2,2,0,8,6,6,15,1,58,2,1,3,17,0,4,0,7,9,2,3,3,14,4,1,4,5,13,3,3,1,7,4,8,2,2,2,3,7,8,10,1,4,5,2,1,6,9,0,10,2,19,24,1,0,0,1,5,1,1,1,2,2,6,11,2,14,10,3,0,8,8,3,3,4,1,12,13,0,3,5,1,3,3,4,7,6,5,7,4,1,3
3,0,0,0,3,0,0,3,0,1,0,1,3,4,1,2,0,19,0,1,1,2,0,2,0,10,16,1,4,0,8,0,0,3,2,4,2,3,1,2,11,1,0,0,1,0,0,3,1,0,5,2,2,1,2,3,1,1,0,5,6,1,0,1,1,2,2,0,2,0,1,1,3,1,1,2,4,0,2,0,1,0,0,1,18,5,0,1,5,0,0,3,0,6,1,3,0,0,1,0
13,2,4,27,8,1,19,12,8,1,1,1,20,12,1,22,1,18,4,2,2,51,0,4,5,11,12,2,8,6,13,10,0,9,4,0,7,7,2,5,33,8,0,2,5,4,2,9,32,0,9,30,6,1,17,14,2,8,4,4,37,10,1,2,11,7,3,2,3,1,6,7,12,3,9,41,5,1,9,22,2,2,5,2,12,10,1,5,23,1,13,3,8,4,29,11,20,4,11,12
12,3,1,11,11,6,13,0,5,2,1,5,11,8,7,11,4,102,8,1,9,12,1,7,7,4,10,1,2,0,15,6,0,5,3,10,12,11,6,4,11,5,1,3,1,4,4,10,18,1,0,4,3,1,7,8,3,9,6,13,29,6,2,1,6,3,0,2,1,1,7,13,19,2,13,27,4,1,3,11,2,8,7,1,9,0,1,6,8,3,7,5,5,2,16,6,9,4,5,10
7,3,2,23,10,4,17,4,4,1,4,8,6,9,2,16,2,68,19,4,6,26,1,0,4,9,33,2,2,4,27,2,4,4,3,18,0,3,2,4,25,3,4,2,6,0,1,6,7,1,6,9,4,0,11,11,0,16,7,46,14,15,2,2,12,10,6,5,6,5,6,1,4,2,6,6,2,4,2,3,3,2,5,2,30,8,4,5,13,9,2,5,4,7,12,5,4,2,4,3
9,2,2,19,8,2,29,1,5,1,3,0,18,6,5,23,2,41,3,1,2,24,3,4,1,14,18,4,3,9,22,7,3,2,7,2,5,3,4,6,13,8,2,3,3,0,0,17,13,2,2,23,0,1,22,18,0,4,5,4,61,10,0,2,3,7,5,3,5,0,8,14,18,3,19,34,9,2,4,14,3,10,11,1,25,11,2,6,11,1,14,5,6,9,16,8,18,2,12,6
0,0,0,1,2,0,0,0,1,0,0,1,0,0,0,0,0,10,3,0,2,0,0,1,2,0,0,0,0,0,0,0,0,0,0,3,1,0,0,0,1,0,0,0,0,0,0,1,1,0,1,1,0,1,0,0,0,2,0,4,2,1,0,0,0,1,0,0,1,0,0,1,0,0,0,1,1,0,0,1,0,0,0,0,1,0,0,0,2,1,1,0,0,1,1,3,0,1,0,0
0,0,0,0,1,0,1,1,0,0,0,0,0,1,0,1,0,10,1,0,0,0,0,1,0,0,2,0,1,0,1,0,0,1,1,1,1,0,1,0,4,0,0,0,0,3,0,1,0,0,1,3,1,0,1,2,1,0,0,0,0,1,0,0,1,3,0,0,1,1,1,2,3,0,0,0,0,0,0,1,0,0,0,0,2,1,1,1,2,0,0,1,0,2,2,0,0,1,0,0
3,0,2,6,5,2,2,5,2,0,1,1,7,7,1,8,0,31,0,4,2,11,0,2,1,6,14,1,3,3,6,4,0,8,4,2,2,3,3,3,15,7,1,2,3,3,3,6,3,1,6,8,0,1,14,7,0,5,4,0,10,11,1,2,8,1,1,4,1,1,4,5,9,0,8,13,2,3,4,1,1,2,5,1,10,3,3,3,14,0,5,4,0,5,4,8,3,3,2,4
3,0,1,1,2,0,1,6,2,0,1,0,3,5,1,3,2,5,7,1,0,3,0,0,0,5,11,1,6,3,10,3,1,4,3,5,0,0,0,2,17,3,3,1,2,0,1,2,6,0,2,6,3,0,3,6,0,4,0,14,6,4,1,1,5,2,1,2,1,1,3,5,1,2,2,17,3,0,3,6,0,3,0,0,5,3,0,1,8,1,5,3,2,4,8,2,5,2,3,2
2,1,4,10,9,0,20,2,6,0,2,1,5,9,2,20,0,38,1,2,2,45,4,1,1,9,29,1,3,0,36,1,0,2,2,1,3,4,2,3,19,2,2,0,3,1,2,12,5,1,3,9,2,0,19,9,1,3,2,2,8,11,1,3,8,6,2,2,5,0,1,2,4,7,6,11,1,0,8,2,4,4,6,1,30,9,1,2,11,1,2,8,2,8,10,5,3,3,2,0
0,0,0,0,0,0,0,0,0,0,0,0,0,1,0,0,0,0,0,0,0,1,0,1,0,0,1,0,0,0,0,0,0,0,1,0,0,0,0,0,0,0,0,0,0,0,0,0,1,0,0,0,0,0,0,0,0,0,0,0,1,0,0,0,1,0,1,0,0,0,0,0,2,0,0,1,0,0,0,0,0,0,0,0,1,1,0,0,0,0,0,2,1,1,0,0,0,0,0,1
2,1,0,6,2,3,1,0,1,0,0,2,1,0,1,3,0,16,1,1,2,2,1,0,0,1,7,0,1,0,11,2,0,0,0,8,0,0,1,1,2,1,0,0,1,1,1,2,4,2,0,1,2,0,2,1,1,5,0,8,3,0,0,0,0,3,0,5,0,0,2,0,0,0,2,2,1,1,1,3,2,1,1,1,8,2,1,1,2,1,2,2,3,2,7,1,4,1,1,0
11,7,1,12,9,0,8,3,2,2,2,4,6,10,6,7,2,43,22,2,2,3,3,10,4,15,14,2,1,2,23,8,3,3,7,12,3,2,5,4,20,4,0,2,3,1,3,5,15,8,7,4,6,3,1,6,2,16,1,29,18,6,2,1,6,3,0,3,4,7,8,11,11,5,5,23,1,1,7,11,2,3,4,0,16,2,1,3,10,8,13,9,11,7,13,7,17,2,6,9
0,0,0,0,0,0,0,0,0,0,0,0,0,0,0,0,0,0,0,0,0,0,0,0,0,0,0,0,1,0,2,0,0,0,0,0,0,0,0,0,1,1,0,0,0,0,0,0,0,0,0,0,0,0,0,0,0,0,0,1,0,0,0,0,0,0,0,0,0,0,0,0,0,0,0,0,0,0,0,1,0,0,0,0,1,0,0,0,1,0,1,0,0,0,0,0,0,0,0,0
0,0,0,1,0,1,2,1,0,0,0,0,0,0,0,2,0,1,0,0,0,0,0,0,0,1,2,0,0,0,0,0,0,0,0,1,0,0,0,0,0,0,0,0,0,0,0,1,2,0,0,1,0,0,0,0,0,0,1,0,1,0,0,0,0,0,0,0,1,0,0,0,0,0,1,0,1,0,0,0,0,0,0,0,0,0,0,0,1,0,0,0,1,0,0,0,2,0,0,0
4,1,0,8,2,2,2,0,4,0,1,0,0,1,1,10,2,31,9,0,1,9,1,3,3,10,13,1,1,0,20,2,1,1,2,8,0,1,1,3,7,0,0,1,3,2,0,3,1,0,4,3,0,0,8,1,0,8,1,14,2,5,0,1,2,1,3,2,2,0,2,3,1,2,3,3,0,0,4,2,3,1,1,2,15,0,0,2,4,1,3,0,0,3,2,0,1,1,0,2
2,2,3,5,6,2,11,3,4,0,0,5,4,5,7,11,0,62,2,2,2,20,0,3,1,3,16,2,3,4,7,2,0,0,0,4,2,2,0,3,15,7,2,1,2,4,0,4,4,2,8,9,1,1,8,5,3,8,5,10,6,12,0,1,5,3,1,2,2,3,2,4,5,1,5,11,2,2,4,2,1,4,2,0,17,5,2,2,23,3,7,2,2,3,10,0,6,1,6,3
5,4,1,7,8,1,10,6,3,1,0,2,7,6,2,4,4,53,8,1,1,10,1,2,2,10,41,3,4,3,23,7,1,2,12,6,1,5,5,4,18,5,2,1,0,2,2,7,14,0,3,11,2,3,8,5,0,4,3,4,11,8,0,0,5,4,6,4,6,0,6,6,5,3,3,22,7,1,6,10,2,2,4,0,18,7,3,5,14,0,5,6,1,7,20,3,8,5,6,4
5,0,0,6,10,0,5,1,3,1,2,0,1,4,0,10,0,5,7,0,1,13,4,1,0,14,30,0,4,1,26,1,3,1,2,6,1,3,2,2,9,4,0,0,1,0,0,5,3,3,3,7,1,0,4,4,1,7,2,6,7,2,1,1,3,4,1,1,3,3,4,0,8,0,2,7,3,0,3,1,5,0,5,1,24,5,1,1,3,0,4,4,2,2,4,2,1,0,5,0
3,2,0,5,4,0,6,0,1,1,2,3,3,2,2,6,1,20,3,0,2,9,1,0,1,3,6,2,2,0,5,1,1,4,3,7,1,1,1,1,10,1,1,0,2,1,1,2,7,0,0,1,0,1,6,0,1,5,1,9,2,7,0,0,1,3,2,1,4,2,2,7,4,1,2,4,0,1,3,3,0,1,1,2,6,4,0,1,4,2,3,1,0,0,5,1,3,3,1,1
2,2,1,4,4,0,5,1,3,0,1,1,0,1,1,5,2,12,5,1,0,9,0,4,1,3,10,3,0,0,9,3,1,1,1,13,1,3,1,1,3,0,0,0,0,0,2,5,4,2,1,6,1,0,6,3,0,5,1,14,5,2,1,1,0,1,2,0,0,1,6,4,4,0,1,5,2,0,1,3,3,2,3,0,7,5,2,6,0,1,4,1,0,5,8,3,4,2,1,2
2,2,0,12,6,0,21,3,5,0,1,2,4,13,3,27,0,45,1,2,2,39,2,1,1,7,25,2,5,4,32,2,1,3,5,4,5,5,7,1,36,5,0,0,2,3,4,11,22,2,11,7,6,1,21,11,2,2,5,4,12,12,0,1,9,8,1,2,1,2,3,8,4,5,6,9,3,3,4,8,2,3,2,1,24,9,2,4,17,1,2,4,5,9,9,5,10,4,4,2
3,1,2,7,10,1,16,2,6,0,2,1,8,7,1,14,2,28,4,0,0,25,1,3,1,8,31,0,5,2,23,2,1,2,7,4,4,3,1,5,13,5,1,0,3,2,2,3,5,0,5,4,1,1,6,5,2,7,0,11,6,1,1,0,4,3,2,4,1,0,5,4,5,4,6,5,2,1,5,6,1,1,1,0,28,8,0,5,6,2,1,5,0,14,3,3,2,1,6,0
1,4,3,4,16,4,2,6,3,1,2,2,5,8,4,8,2,55,2,1,3,14,6,2,1,19,33,3,8,3,60,1,2,1,2,3,1,8,3,3,19,5,6,1,3,2,1,7,8,0,10,3,3,0,3,8,4,3,2,2,11,6,2,3,11,10,10,1,2,2,4,4,4,2,10,5,3,3,15,6,2,2,0,1,57,18,2,2,13,0,1,10,5,9,6,3,8,6,6,2
9,1,2,4,1,1,4,4,2,3,0,3,13,11,0,2,1,20,12,1,1,6,2,7,1,4,16,2,3,4,17,6,0,2,3,14,2,5,1,3,14,3,3,0,6,1,1,10,17,2,2,3,4,0,2,7,0,13,1,20,15,8,1,1,4,3,3,6,5,1,9,4,8,1,6,18,1,2,6,5,3,3,4,1,20,4,2,4,11,1,5,1,5,7,12,3,10,2,2,3
1,0,0,1,2,0,5,0,1,0,1,0,10,4,1,4,1,23,3,0,0,7,1,4,2,11,7,0,1,0,8,1,0,0,3,2,1,4,0,0,13,2,3,0,1,1,1,3,1,1,2,5,1,0,3,2,0,0,3,3,12,2,0,0,1,5,3,1,1,1,0,0,6,3,2,2,1,1,5,1,1,2,2,0,10,8,0,1,5,0,2,0,2,6,0,2,4,1,3,0
6,2,0,13,13,2,13,5,7,2,2,3,15,13,0,18,3,29,11,1,1,40,5,4,0,22,32,2,5,5,30,3,1,4,5,18,4,3,3,3,22,2,3,1,3,0,5,7,5,1,7,12,2,0,18,9,0,10,0,33,14,14,0,0,12,4,8,5,1,6,7,6,16,4,10,12,6,1,9,11,4,4,3,2,31,13,3,4,16,8,5,3,5,6,15,7,12,4,4,5
5,2,2,13,10,1,7,3,2,2,2,0,9,11,4,12,1,33,2,2,1,28,2,4,1,13,23,2,3,1,20,4,2,4,9,5,5,5,1,3,22,2,3,0,2,1,2,5,15,2,3,8,1,0,12,8,0,5,4,9,13,8,2,2,8,3,1,4,3,1,5,4,9,1,6,22,4,3,8,12,2,2,2,2,19,7,3,3,6,0,10,5,8,7,17,9,4,3,5,2
3,0,1,6,3,0,4,0,1,1,1,2,2,4,0,5,0,14,4,0,0,6,2,1,0,6,9,0,1,3,7,2,2,2,0,5,0,0,0,0,7,1,0,2,2,0,0,2,3,1,0,4,1,0,2,1,0,2,1,6,6,5,0,1,3,2,1,1,2,2,2,3,2,2,2,6,0,0,3,0,0,0,4,0,7,4,2,1,7,2,1,0,1,0,8,4,1,1,1,2
5,4,1,7,7,4,3,4,4,2,3,6,9,8,6,5,2,84,20,1,1,6,1,3,0,9,33,0,7,7,31,7,9,3,3,22,5,9,3,5,25,6,6,3,4,5,4,8,6,2,10,2,4,5,1,16,0,13,3,36,15,11,0,2,6,8,3,4,3,6,5,6,6,3,11,3,5,1,2,8,2,4,3,1,20,9,5,6,14,4,8,7,1,6,4,5,6,2,5,2
3,0,0,5,0,0,3,1,0,0,0,1,6,1,1,6,0,3,1,0,1,11,1,1,2,4,10,1,0,1,4,1,0,1,2,6,1,1,1,2,0,0,0,0,3,1,1,2,7,1,0,3,0,0,5,1,0,2,2,12,2,3,2,1,3,1,0,4,0,2,2,4,2,1,1,5,5,0,6,1,0,3,1,2,10,5,0,1,5,1,0,1,1,5,4,4,3,1,1,4
4,0,0,8,5,0,12,3,3,0,1,4,6,5,2,19,2,44,4,0,4,16,2,2,1,4,13,1,5,3,10,2,0,4,3,5,0,1,0,3,10,3,0,0,2,0,1,4,6,0,2,9,3,1,4,7,0,5,2,8,9,6,1,1,8,3,3,2,4,0,1,3,7,2,6,15,4,2,6,12,3,3,3,3,14,7,0,4,9,2,6,4,5,5,11,4,11,1,3,1
4,3,0,13,17,3,24,0,12,1,4,6,2,2,2,38,5,15,13,1,4,54,5,5,4,31,50,1,0,2,59,4,2,0,14,7,4,12,6,2,6,3,1,1,0,0,4,11,9,2,1,21,0,0,20,6,3,11,2,23,12,2,1,5,0,12,9,1,1,3,4,2,5,0,8,9,6,0,19,7,2,3,0,2,54,17,1,8,2,10,7,15,3,12,12,1,3,3,9,5
8,3,2,13,9,1,11,1,6,6,4,6,7,12,0,22,4,49,20,3,4,45,2,1,3,13,37,6,10,4,40,6,0,2,3,28,2,0,3,5,28,3,4,3,3,3,1,6,5,4,8,14,2,1,23,5,1,22,4,43,7,20,3,3,8,9,5,6,7,9,7,3,4,1,5,3,3,4,8,5,4,3,4,5,51,4,4,10,15,4,13,6,4,8,11,3,5,2,7,1
2,0,1,0,1,0,2,2,1,0,0,0,2,1,0,3,0,15,3,1,1,2,0,0,0,4,3,0,0,0,1,0,2,0,1,0,0,1,0,3,5,2,0,0,1,0,1,2,0,1,1,0,1,0,0,3,0,1,2,6,1,3,0,0,1,1,0,0,2,0,1,0,1,2,2,5,2,1,0,1,1,0,0,1,4,1,0,1,1,0,1,0,2,2,1,2,2,1,3,0
2,0,1,5,7,0,9,0,5,0,1,3,2,5,0,12,2,3,4,1,1,20,4,0,0,11,18,0,0,1,13,0,0,1,4,4,0,2,1,2,8,0,1,1,1,0,0,5,5,2,7,8,0,0,10,2,0,5,0,2,3,2,0,1,2,3,2,2,0,1,6,0,4,1,3,4,1,0,3,5,1,1,0,1,17,4,0,2,6,1,3,2,1,3,7,1,1,0,2,2
8,2,1,14,12,3,20,4,6,0,0,4,4,4,5,18,3,47,5,0,1,35,2,3,3,20,39,2,1,3,27,5,5,1,6,2,3,7,5,10,7,4,2,2,2,7,6,12,11,4,1,10,3,1,18,9,1,5,4,12,10,1,1,4,2,5,3,4,3,2,7,10,10,1,4,23,6,2,18,10,5,3,2,0,34,9,2,7,6,2,7,6,2,9,19,2,5,8,4,7
1,0,2,6,5,1,7,3,3,3,2,2,4,9,0,10,0,9,4,1,0,17,2,0,3,4,15,0,2,1,28,1,4,2,3,9,0,1,2,1,22,5,4,1,4,1,1,10,2,2,0,5,1,2,7,3,0,5,0,15,6,7,0,1,4,6,5,1,1,3,5,1,4,0,7,3,3,1,9,1,3,2,3,1,24,8,1,2,9,1,1,6,0,7,3,2,5,0,5,2
6,0,0,7,2,0,13,2,2,1,1,0,5,4,1,18,1,11,2,1,0,22,2,1,1,5,10,0,4,0,5,0,1,5,2,5,0,1,0,1,9,2,4,0,3,0,1,7,5,0,5,9,1,1,14,3,0,7,0,3,7,10,1,0,2,6,1,2,3,1,3,2,0,3,2,13,2,2,1,4,1,2,0,0,14,4,1,3,6,1,3,0,2,0,6,1,1,3,1,2
9,3,0,2,13,0,8,0,3,2,3,7,9,4,1,12,8,17,11,1,2,19,1,6,3,16,44,0,4,2,48,4,3,2,11,21,2,8,1,3,11,10,1,7,2,1,0,11,4,6,6,2,4,0,7,4,1,19,3,36,14,2,4,2,3,9,7,3,3,4,3,1,7,2,8,5,5,2,19,7,8,4,4,3,37,17,1,7,11,4,2,6,4,12,6,3,5,4,5,1
5,2,0,10,10,0,14,4,9,3,3,1,10,6,2,25,3,22,3,1,1,29,6,5,0,31,54,2,4,1,60,4,0,1,3,10,4,9,0,3,11,3,1,2,2,1,2,15,8,2,3,13,1,1,17,3,0,11,1,18,11,6,0,8,3,9,4,3,2,2,2,4,8,2,3,10,8,0,15,4,4,1,4,0,54,9,4,3,10,3,5,8,4,14,12,1,4,1,7,2
8,3,1,8,8,1,7,2,4,2,1,0,5,6,1,10,1,32,6,1,0,12,1,0,3,4,6,1,2,2,8,2,0,3,5,8,1,0,1,5,17,0,1,0,2,0,1,2,11,0,5,8,1,2,6,4,0,12,3,22,6,5,0,0,4,3,0,5,0,5,4,4,3,3,2,20,2,0,2,7,0,1,1,2,9,3,2,6,13,4,5,3,3,4,8,2,7,2,1,3
4,1,1,6,1,1,7,1,5,0,1,1,4,3,3,12,1,32,2,1,1,14,4,2,3,13,27,2,1,5,22,6,2,0,4,4,4,3,3,1,6,4,1,1,1,4,2,9,11,0,0,3,1,1,8,7,1,4,0,4,8,3,1,3,1,3,3,1,0,0,5,4,2,0,5,12,3,0,5,2,3,3,2,1,25,4,0,4,6,3,4,7,4,9,9,4,4,3,2,3
0,0,0,1,1,0,0,0,0,0,0,0,0,0,0,2,1,0,0,0,0,1,0,1,0,0,5,0,0,0,2,0,0,0,0,1,0,0,0,1,1,0,0,0,1,0,0,2,0,0,0,1,0,0,0,0,0,1,0,3,0,0,0,0,1,0,0,0,0,0,0,0,0,0,0,1,0,0,1,0,1,0,0,0,2,1,0,0,2,1,0,0,0,1,0,0,1,0,0,0
14,6,6,17,3,4,17,1,8,1,3,5,1,1,3,26,2,85,11,1,4,32,3,4,3,10,27,2,0,2,13,9,2,1,4,14,4,6,0,9,3,2,0,3,0,7,5,2,19,1,1,19,4,0,20,2,1,18,1,31,3,0,2,0,1,1,0,5,0,3,12,15,2,0,5,33,2,1,4,10,0,4,4,2,16,7,3,10,2,3,8,4,6,5,18,1,9,3,2,3
2,0,0,5,5,0,4,0,3,0,0,2,2,0,0,8,0,15,4,0,1,8,0,1,4,4,9,0,0,2,10,2,0,2,1,7,0,1,3,0,1,3,0,1,1,0,2,1,3,0,0,4,1,0,10,2,0,6,1,8,6,1,1,2,0,2,2,2,2,1,1,2,2,1,1,8,0,0,2,1,0,3,0,0,6,6,1,4,1,4,1,2,0,1,8,4,2,1,3,2
4,2,1,12,3,1,8,3,5,1,0,0,12,3,3,10,1,29,1,2,1,30,1,2,1,16,17,0,1,3,27,3,1,1,6,2,1,6,3,2,9,5,1,0,1,1,0,11,10,1,3,8,2,2,13,6,1,2,3,5,31,8,2,0,6,6,7,4,5,1,4,3,11,0,13,13,1,2,4,4,4,3,4,0,29,9,2,6,9,1,6,6,0,7,13,5,3,2,8,5
1,0,1,10,14,4,9,0,4,2,5,0,5,6,0,4,1,28,0,1,6,12,3,6,3,18,31,0,1,4,40,4,1,2,14,1,0,3,3,5,10,3,0,2,1,0,3,8,2,0,3,5,1,0,4,7,1,2,1,0,16,6,0,3,2,6,3,2,2,1,0,3,9,2,11,6,8,1,16,2,6,1,3,2,47,13,5,1,1,0,1,5,2,16,4,3,4,2,5,1
6,0,1,20,6,1,23,3,6,2,6,3,17,8,4,18,3,29,10,0,1,46,3,1,3,17,42,3,4,1,46,2,1,8,11,8,3,9,7,3,16,7,4,0,4,3,0,18,5,0,2,20,3,0,26,11,1,6,2,12,22,10,1,3,6,11,8,2,6,4,6,4,17,3,17,18,5,1,14,7,2,1,8,4,40,17,1,5,6,1,7,6,1,16,11,3,3,3,12,3
0,0,0,0,0,1,0,0,0,0,0,0,1,1,0,0,0,1,0,0,0,0,0,0,0,0,0,0,0,0,0,0,0,0,0,0,1,0,0,1,0,0,0,0,0,0,0,0,0,0,0,0,0,0,0,0,0,0,0,1,0,1,0,0,0,0,0,0,0,0,0,0,0,0,0,2,1,0,0,1,0,0,0,0,0,0,0,0,1,0,0,0,0,0,1,0,0,0,0,0
9,3,2,10,8,1,7,3,2,2,2,2,8,3,2,16,2,57,8,1,5,13,1,3,0,9,10,2,3,3,13,3,0,2,7,17,5,4,4,6,16,1,1,4,2,6,3,3,14,1,0,8,4,3,12,5,0,9,0,16,17,4,1,1,6,4,2,5,4,1,12,10,7,4,9,13,2,2,7,7,2,3,8,1,14,6,0,5,12,3,8,3,2,4,11,3,10,2,5,7
8,2,3,10,2,1,8,2,3,0,1,5,1,1,4,14,0,13,5,2,0,33,0,1,4,3,14,2,1,5,2,6,0,3,2,6,2,0,3,1,14,1,2,3,2,0,0,4,12,4,4,15,1,1,16,4,1,12,0,24,3,2,1,3,3,0,0,3,2,1,6,4,1,3,4,8,1,0,1,10,1,0,0,1,14,3,1,5,6,0,7,1,5,2,14,1,6,3,1,1
2,2,2,6,7,5,8,2,2,3,1,1,8,4,5,3,2,86,7,1,3,6,1,1,2,13,20,4,4,4,21,2,1,2,3,5,2,1,4,5,12,4,3,1,3,6,1,7,4,1,3,5,1,4,5,9,3,7,8,14,26,13,0,3,4,8,5,0,5,0,2,5,15,0,9,3,7,3,3,4,4,4,1,3,20,6,2,3,11,4,2,7,4,4,3,7,4,2,6,0
7,1,1,8,5,0,7,1,1,0,2,2,0,4,0,7,0,18,3,0,0,14,1,2,2,6,16,0,0,1,14,3,3,0,5,4,0,4,0,2,6,1,0,0,0,1,1,4,2,0,1,7,1,0,5,1,0,4,2,8,11,3,1,0,3,8,1,2,3,2,1,3,3,0,2,6,2,0,7,4,1,0,1,0,16,2,0,5,1,0,2,4,1,5,5,2,3,2,3,4
10,7,2,13,6,7,12,2,4,0,3,5,8,7,3,9,1,100,13,1,2,8,0,6,5,12,20,1,5,4,17,5,7,4,8,24,2,5,3,12,15,6,2,3,6,11,7,12,22,4,3,6,4,3,6,9,2,16,6,33,20,8,0,1,1,3,2,1,3,3,12,8,13,3,13,29,8,2,5,11,2,5,5,3,15,11,0,4,8,5,12,4,7,5,13,8,5,3,1,3
9,5,7,20,5,1,9,3,7,0,2,0,9,7,1,32,0,21,4,0,2,47,0,4,2,8,10,3,6,2,16,4,0,6,7,6,3,3,1,2,27,7,1,0,2,2,0,10,8,1,5,14,3,0,23,5,1,7,5,13,15,12,0,1,11,5,5,1,2,2,5,6,3,3,6,12,4,0,6,10,1,2,3,0,15,7,1,1,8,1,3,7,4,4,11,7,3,4,6,2
6,5,9,30,6,6,28,5,9,1,1,2,5,2,3,28,2,120,8,0,5,40,7,2,1,9,18,5,3,3,18,7,0,4,1,5,6,2,0,7,17,1,4,2,4,5,4,2,7,4,2,21,5,2,14,6,2,6,1,23,2,5,1,2,4,7,2,6,7,1,6,7,3,2,3,29,2,1,7,20,1,1,2,2,20,5,0,1,11,1,5,3,3,10,16,2,9,6,3,4
1,0,0,1,1,1,2,0,0,0,0,1,2,0,0,1,1,6,2,0,0,8,0,0,1,1,7,0,0,0,4,1,0,0,2,3,0,1,0,0,1,1,0,0,0,0,1,2,3,0,1,3,0,0,3,2,0,3,0,4,5,1,0,1,2,0,1,0,0,1,1,2,1,0,1,4,0,1,1,3,2,0,0,1,3,1,1,1,1,2,1,0,0,3,0,0,0,1,1,0
2,0,0,5,0,0,1,4,0,0,0,2,7,5,0,2,2,0,3,0,1,8,2,1,0,4,17,0,3,2,8,2,1,1,1,5,0,2,3,0,9,3,1,0,1,0,0,0,1,1,5,0,0,1,2,3,1,5,0,3,6,2,0,0,9,3,2,1,4,2,0,2,3,2,1,4,2,0,4,1,0,0,0,1,12,5,1,6,14,2,0,3,1,5,4,3,1,0,3,0
3,3,3,9,8,2,17,8,2,2,1,3,8,7,3,24,4,66,5,0,4,25,0,3,1,14,32,1,4,5,33,2,1,4,2,5,3,7,1,3,18,2,2,2,4,4,8,4,11,0,4,7,1,2,13,12,3,5,1,7,9,13,1,0,9,9,4,2,2,2,3,4,8,4,9,6,5,2,12,5,3,2,3,0,30,13,3,4,16,1,2,6,1,6,9,5,5,0,5,2
5,5,3,6,5,2,6,4,1,2,3,3,11,6,0,2,1,37,11,0,2,5,3,5,3,15,17,1,3,3,17,4,2,2,4,16,0,5,2,3,15,6,3,3,3,1,3,8,4,1,8,2,2,3,2,6,0,18,3,28,28,4,1,0,5,8,2,5,3,6,12,6,6,3,5,15,4,2,5,4,2,1,8,2,24,6,0,5,10,4,6,3,4,6,2,9,3,4,3,3
1,2,0,14,6,3,19,5,4,1,2,6,7,5,2,21,3,34,4,1,3,28,2,4,1,10,21,0,4,8,26,2,3,0,7,6,3,3,1,2,11,5,3,2,1,2,0,8,10,2,3,16,3,1,16,8,1,5,3,14,12,8,0,2,8,6,5,4,5,0,6,5,6,1,4,7,3,3,5,6,1,2,4,0,26,6,1,4,6,1,4,3,5,9,11,2,5,2,2,2
3,2,1,8,9,1,10,0,1,1,0,0,5,3,1,3,1,29,5,0,1,9,0,5,1,9,11,1,0,2,16,1,0,1,0,4,0,2,2,0,9,3,1,1,0,3,1,5,5,1,1,4,2,2,2,5,2,5,1,10,7,7,0,1,5,3,1,1,1,1,3,0,4,1,3,8,2,2,7,3,2,1,4,0,9,4,0,5,10,1,2,1,0,4,6,1,3,0,1,1
0,0,0,3,7,1,7,3,3,0,0,3,0,2,3,3,1,9,8,0,3,16,1,0,0,11,8,0,0,0,13,0,0,1,0,9,1,1,3,2,9,0,1,2,2,1,1,1,6,0,1,7,0,0,7,1,1,8,0,11,2,4,3,0,1,0,3,3,2,2,8,3,4,2,1,9,1,0,3,3,1,2,1,1,10,0,1,3,4,1,6,1,4,1,9,3,1,2,5,2
1,0,0,5,2,0,3,3,1,0,0,1,2,2,0,4,0,2,7,0,0,8,0,0,1,1,1,1,2,0,2,1,0,1,0,1,1,1,1,0,7,2,1,0,0,0,0,1,0,1,1,0,0,0,4,2,0,6,0,4,4,3,0,0,4,3,0,1,0,2,1,0,3,0,1,0,1,1,2,1,1,1,0,1,0,3,0,1,2,2,2,0,2,2,0,0,3,0,0,0
14,2,1,14,7,4,24,8,4,1,1,1,15,9,0,25,2,50,10,1,3,33,1,6,2,19,19,2,3,5,20,4,5,3,2,14,3,4,2,3,18,6,3,3,5,2,3,2,17,0,3,11,1,1,14,6,2,8,4,26,9,16,2,1,16,7,3,3,4,4,11,8,5,0,9,22,1,0,4,11,2,2,3,1,16,5,3,8,10,2,11,8,4,5,18,6,16,2,3,4
2,0,0,6,4,1,3,1,2,0,0,1,2,7,0,1,1,5,0,1,3,6,1,0,0,11,19,3,2,0,11,0,0,2,4,0,4,1,3,0,11,2,2,1,2,2,1,1,7,1,4,1,0,0,4,1,1,1,2,1,1,7,0,2,3,6,2,1,1,1,2,4,1,1,0,16,1,1,2,2,0,0,1,0,31,5,1,0,7,0,2,6,2,4,5,1,2,0,0,1
5,0,0,20,12,3,12,4,3,2,3,2,8,9,1,15,1,50,4,3,1,38,2,5,2,6,22,2,5,3,21,9,0,4,4,6,5,6,6,5,28,5,1,0,4,1,3,10,15,1,6,12,3,2,20,9,0,2,5,9,19,20,0,2,8,8,1,5,6,2,5,5,8,3,11,27,7,1,7,9,2,3,5,0,21,8,1,5,22,1,6,6,2,10,14,7,8,7,7,3
7,4,5,17,12,3,23,5,7,2,1,2,5,10,2,16,3,60,6,2,3,31,4,4,2,27,28,4,4,4,34,3,2,1,9,16,3,3,5,0,29,6,0,1,2,2,1,8,11,0,8,12,1,3,17,7,3,13,3,14,13,17,1,0,9,10,10,5,4,5,6,2,8,5,5,17,2,3,13,5,3,3,2,3,38,16,1,5,16,5,1,4,7,12,12,2,6,3,4,2
4,5,4,13,6,4,16,8,5,1,3,2,10,4,4,10,2,66,10,4,4,20,4,4,1,4,24,2,6,4,26,3,1,6,4,13,3,3,0,9,24,3,5,2,3,1,0,3,3,2,4,5,1,2,10,7,5,9,2,28,9,5,1,1,9,9,1,2,4,7,7,4,5,2,2,7,1,2,5,6,2,0,0,1,21,1,2,6,10,4,4,1,0,9,7,2,5,3,3,5
5,2,1,7,4,3,4,1,3,2,2,4,3,6,1,5,0,28,11,1,5,12,2,3,3,9,16,3,2,1,10,3,0,0,5,9,2,4,1,5,17,1,1,3,1,5,0,1,5,1,1,4,2,0,6,2,0,15,1,19,2,5,0,1,5,5,3,0,1,3,12,3,1,0,3,4,3,1,6,4,3,2,1,0,13,4,0,6,6,4,5,3,3,6,10,2,5,1,2,2
4,6,2,16,8,0,5,2,1,1,1,3,8,6,1,18,1,18,9,2,0,29,3,4,3,12,25,3,2,0,33,4,1,3,6,7,0,6,2,3,10,4,0,0,3,1,2,7,2,1,3,10,2,0,16,4,1,10,5,21,29,3,1,2,3,8,5,3,2,3,5,3,13,3,7,5,5,0,15,5,0,3,2,1,29,6,4,4,9,4,4,5,2,9,8,5,2,1,9,2
6,0,1,11,5,0,24,0,6,1,1,4,3,5,1,12,2,8,12,0,1,32,4,2,1,5,16,2,3,2,26,4,3,3,2,21,2,3,8,1,6,2,3,1,2,0,2,9,16,2,3,12,0,0,26,2,2,25,1,29,13,4,1,2,2,3,4,5,3,3,11,7,6,2,12,27,1,0,8,17,1,4,6,2,20,6,2,18,7,3,8,5,8,7,20,3,4,2,11,2
10,3,0,10,14,1,3,1,5,5,6,10,10,5,1,5,4,6,9,0,1,8,4,3,5,13,22,0,0,4,13,6,1,2,5,22,2,8,6,2,2,2,0,3,2,1,1,4,10,4,1,11,0,0,5,7,0,17,3,23,22,2,0,2,4,5,4,2,1,9,14,11,10,1,17,23,3,0,6,15,1,5,6,1,15,12,2,8,5,11,10,4,8,3,18,10,13,9,5,4
7,1,1,6,6,5,8,4,4,0,1,3,6,10,2,6,2,51,3,2,4,22,3,4,2,6,15,3,4,5,17,3,0,2,1,7,6,4,3,6,15,6,2,0,2,0,1,6,15,0,4,3,2,1,8,2,2,7,2,9,15,6,0,2,3,7,1,2,2,0,6,7,8,1,8,13,3,0,3,7,1,4,4,2,3,6,1,2,10,1,3,0,3,3,9,5,7,1,5,3
5,1,1,9,18,0,16,3,6,2,2,2,12,6,0,21,3,14,7,3,0,35,2,7,4,20,29,4,7,2,40,5,1,1,8,18,4,8,5,0,22,6,1,0,1,0,0,14,6,4,8,8,1,0,13,15,1,20,1,26,20,14,0,3,12,12,6,5,4,2,4,5,6,1,12,5,7,3,9,4,3,3,1,1,32,12,3,9,17,3,1,6,2,10,7,2,5,2,5,1
3,0,0,6,5,1,12,0,2,0,1,3,1,3,0,7,1,25,5,1,1,11,2,0,0,10,16,1,1,0,8,1,0,1,1,8,2,0,1,0,3,0,1,3,2,0,0,2,3,1,1,4,0,1,5,1,0,3,0,9,0,0,0,2,2,3,0,2,0,0,5,5,0,0,0,7,1,1,1,1,0,2,0,1,8,4,0,1,2,0,1,1,3,3,4,1,5,2,1,2
11,1,1,16,14,0,16,5,5,3,5,2,12,13,0,14,3,31,11,0,1,33,2,4,3,12,35,3,6,1,27,5,1,2,2,11,3,8,3,5,31,5,4,4,2,2,2,17,17,2,6,20,0,0,11,14,0,20,4,20,23,17,1,3,8,5,7,4,10,3,10,5,11,7,8,29,4,2,5,7,1,5,6,4,41,10,3,5,20,4,9,7,5,9,15,3,15,6,8,4
15,1,3,22,2,4,19,3,0,2,1,4,15,11,3,11,2,48,11,2,6,30,0,4,2,7,11,3,2,8,12,8,4,4,7,15,1,3,3,15,31,8,6,1,8,3,2,8,20,3,3,16,3,1,11,10,1,17,6,22,28,15,3,3,7,5,3,2,2,5,11,7,12,4,9,25,4,3,4,12,1,4,13,2,17,7,1,8,14,3,8,2,1,3,22,5,13,9,6,9
4,0,0,4,1,1,4,0,0,0,1,0,0,1,0,4,0,11,2,1,0,6,0,0,0,4,2,0,0,1,14,0,0,0,0,2,2,2,1,0,5,1,0,1,0,1,0,3,3,1,1,5,0,1,7,1,0,3,0,2,5,4,0,0,1,0,0,2,1,1,1,2,0,0,2,6,0,0,3,4,2,1,0,1,6,3,1,1,2,1,2,0,1,6,6,1,3,0,3,2
5,2,1,9,5,1,9,0,9,2,0,4,3,1,3,21,0,25,11,0,1,36,1,2,6,10,17,2,3,0,13,3,0,5,4,17,2,2,1,0,1,1,0,1,1,1,3,5,18,3,0,10,0,0,18,1,2,15,0,22,8,2,4,0,1,1,3,5,0,3,12,2,5,2,1,16,2,0,2,7,3,2,1,2,18,3,2,6,4,5,8,3,6,3,13,2,8,3,3,5
9,2,4,10,10,2,21,8,7,1,3,5,12,16,0,12,3,22,13,2,2,25,3,4,2,27,31,3,4,1,35,0,1,3,7,14,3,8,5,2,22,2,2,3,2,1,2,8,5,1,3,16,3,0,19,10,2,10,1,20,10,12,1,1,10,9,8,3,5,4,3,5,5,0,5,10,5,1,14,2,4,2,3,2,42,14,4,5,12,4,4,6,3,10,7,4,2,2,5,3
2,0,0,3,7,2,5,1,3,0,1,0,4,1,0,4,0,3,0,0,0,10,1,1,0,5,9,0,1,2,15,3,0,0,1,1,3,1,2,2,8,2,0,0,0,0,0,6,6,0,4,3,1,0,5,1,0,1,0,1,8,2,0,1,1,4,2,1,3,0,1,3,7,0,3,8,1,0,5,2,1,0,2,2,13,6,2,2,2,0,1,3,1,7,2,1,0,4,5,0
3,1,2,11,6,1,8,2,9,1,3,0,4,6,0,19,1,22,6,0,2,21,2,2,2,12,25,1,2,5,16,3,3,5,6,13,3,6,2,2,17,3,4,1,3,0,3,6,4,2,6,7,0,2,11,7,0,8,3,22,13,5,0,1,3,1,2,1,2,3,6,4,9,0,2,3,4,1,11,2,1,2,1,2,18,9,0,3,11,4,2,5,2,6,9,9,4,1,7,0
3,3,0,6,4,0,4,1,2,0,1,0,2,1,3,3,1,23,4,0,1,10,0,0,4,4,15,2,2,1,10,5,0,0,1,4,2,4,1,3,4,1,0,0,0,1,3,6,4,1,0,3,2,0,4,1,0,2,0,5,6,1,1,0,1,1,1,2,2,0,1,3,3,0,3,16,2,0,2,1,1,2,5,0,9,3,1,4,5,0,5,0,0,2,7,2,8,0,4,2
2,0,2,9,5,4,3,1,0,0,0,2,5,5,1,9,1,19,8,3,0,12,3,2,2,8,8,1,2,1,3,1,2,0,0,6,2,1,1,1,6,1,1,1,2,3,0,7,4,3,3,5,2,0,6,3,3,5,3,7,1,4,2,0,2,2,4,2,3,2,5,4,3,1,2,14,3,0,4,6,1,0,0,2,8,3,2,2,5,1,5,2,1,3,10,2,3,0,0,3
5,1,0,4,2,1,8,2,0,1,2,0,3,2,0,7,0,7,4,0,0,16,2,2,0,6,9,0,1,3,10,6,3,2,8,4,1,4,1,2,16,6,1,1,0,1,0,7,7,0,4,5,1,1,5,1,0,2,3,6,8,2,0,0,4,4,1,2,2,2,1,4,4,1,4,5,3,1,4,4,2,2,2,0,9,4,2,2,6,0,1,3,1,3,6,3,2,3,7,3
2,1,2,6,8,1,7,1,2,3,0,3,13,14,4,5,3,24,9,3,1,9,2,2,1,20,30,6,6,1,37,1,2,5,8,11,1,2,2,2,19,3,1,0,2,1,1,5,6,0,7,5,2,1,5,9,1,12,4,20,6,5,1,3,7,4,3,2,6,3,4,2,2,1,2,6,0,2,8,4,0,1,2,3,26,9,1,5,16,1,5,6,4,12,4,3,7,2,5,4
6,3,1,8,13,2,8,2,7,1,3,2,6,8,1,8,2,29,10,3,1,11,2,6,4,12,18,3,1,1,21,3,2,3,5,15,2,2,2,1,18,3,2,1,2,0,2,5,14,0,4,5,0,1,4,7,2,6,2,23,14,8,1,1,3,6,2,4,3,3,5,3,5,3,6,4,2,0,9,7,1,5,1,1,17,4,2,8,5,3,7,2,2,6,4,3,6,0,6,3
1,1,1,0,3,0,0,1,0,1,0,1,2,2,0,1,1,2,7,0,1,0,0,0,1,1,4,0,0,0,6,1,1,0,0,4,0,0,0,0,2,2,0,0,2,0,1,1,0,1,1,1,0,0,0,1,0,4,0,7,3,3,1,1,1,0,1,0,1,1,0,1,1,1,3,1,1,0,0,0,0,0,0,0,2,2,0,0,2,0,2,1,2,0,0,0,0,2,2,0
0,2,1,4,3,2,2,0,1,0,1,1,2,0,3,3,1,35,3,0,3,9,1,4,1,12,16,1,0,1,15,2,0,1,1,5,0,6,2,2,1,3,0,1,1,4,3,6,3,0,0,3,0,1,1,2,1,2,2,1,7,2,1,0,1,7,1,2,1,2,1,1,3,0,7,5,3,0,6,3,2,0,1,0,18,10,2,2,0,0,1,3,1,5,2,3,4,2,4,5
2,1,0,9,5,0,9,3,3,0,3,1,8,10,0,6,1,1,0,2,1,18,4,1,0,14,39,3,3,2,33,1,1,3,4,2,0,3,0,1,21,5,3,2,2,0,0,4,3,1,9,3,1,0,4,4,0,3,4,3,4,8,1,0,5,3,6,4,4,0,0,1,1,3,6,10,7,1,11,3,3,1,1,0,35,6,1,3,14,1,3,5,0,5,5,6,5,1,5,4
0,0,0,1,3,0,1,1,0,0,0,0,1,1,0,0,0,3,0,0,0,1,1,0,1,4,7,1,0,1,10,1,1,1,2,1,0,1,0,1,3,3,0,1,0,1,1,1,1,0,0,1,0,0,0,0,0,0,0,2,3,2,0,0,0,0,2,0,1,0,0,2,0,0,5,5,2,0,1,3,0,0,1,1,4,1,0,0,1,0,1,1,0,2,4,0,2,1,1,1
15,2,0,18,2,1,25,0,5,3,1,9,5,3,3,25,1,23,18,1,3,39,3,6,4,6,13,0,1,5,11,8,5,2,3,20,2,5,2,4,8,2,1,4,1,0,3,8,16,3,3,19,2,1,14,0,0,20,1,35,17,4,1,0,0,3,1,3,3,9,9,8,11,1,6,24,4,0,6,14,1,2,1,1,12,7,0,13,3,3,12,2,4,0,13,5,8,6,6,5
10,1,0,13,6,3,17,2,4,1,4,5,6,11,5,8,2,35,12,1,4,15,3,4,3,9,15,2,3,5,12,6,3,9,3,25,2,10,3,4,17,6,2,5,3,2,1,6,11,1,2,4,2,2,6,6,1,12,3,47,21,4,2,3,3,6,2,4,4,7,10,3,7,0,8,10,3,2,1,9,3,3,2,3,10,7,2,9,12,4,2,0,3,2,1,11,8,4,5,3
8,4,2,13,5,2,13,1,3,1,2,2,4,10,1,11,1,31,11,0,0,20,3,3,4,7,15,1,2,3,16,2,2,3,1,13,2,4,4,3,6,2,2,2,1,2,2,8,11,1,3,12,0,1,10,4,0,7,2,24,7,0,1,0,2,5,2,3,2,11,7,4,4,0,6,12,4,0,2,5,2,0,2,2,14,3,2,8,4,4,3,5,3,8,8,1,5,1,1,3
2,0,2,7,6,3,6,0,3,0,2,1,10,1,1,9,0,48,2,2,1,10,2,10,1,11,16,2,0,5,14,1,3,3,7,1,2,7,1,4,5,5,0,0,3,1,1,9,12,0,1,6,1,0,4,5,1,1,6,3,28,4,0,3,2,5,8,3,3,1,4,3,15,0,3,10,7,0,5,10,1,3,2,2,16,7,3,1,3,1,7,2,4,4,14,5,8,7,5,5
5,1,4,12,4,0,12,11,5,1,3,1,13,7,0,23,1,21,6,3,1,41,1,5,1,9,20,2,5,5,29,3,0,3,5,5,2,4,1,5,35,2,2,1,8,1,3,5,17,5,11,15,2,0,10,11,0,2,3,8,15,14,2,2,12,5,2,7,8,1,5,14,8,2,12,29,5,5,5,11,3,7,0,2,21,9,4,10,18,0,8,4,3,8,20,6,13,6,2,7
3,2,1,9,13,0,12,7,3,1,6,1,16,10,4,5,3,69,0,3,4,12,4,10,2,15,33,1,6,4,39,5,1,9,5,0,3,7,3,6,18,7,4,1,5,2,5,8,9,2,6,6,5,2,8,13,1,2,5,0,40,6,0,1,9,10,4,2,3,0,4,9,17,0,12,12,7,4,13,10,1,6,11,0,25,15,2,0,13,0,5,8,2,11,10,10,11,7,12,1
5,0,1,3,1,0,6,3,4,0,1,3,2,5,0,5,2,16,1,0,2,12,1,3,2,4,4,0,4,0,5,2,0,2,0,3,1,0,1,2,7,5,2,0,7,1,1,9,6,1,4,4,0,1,8,3,1,5,3,13,8,4,1,0,5,4,0,4,1,1,2,0,5,2,3,6,1,0,1,1,1,4,2,0,5,4,0,1,4,0,2,0,1,2,2,3,5,1,4,1
0,0,0,0,0,0,2,0,1,0,0,0,1,2,0,4,0,4,0,0,0,1,0,0,1,0,1,2,1,0,3,0,0,1,1,2,0,1,0,0,2,0,0,1,1,0,1,0,1,2,1,1,0,0,2,0,0,3,0,6,1,0,0,1,2,1,0,0,2,0,2,0,1,2,3,1,1,0,0,1,0,1,1,1,3,0,1,1,1,2,0,0,0,1,1,1,2,0,3,0
0,0,0,2,0,0,0,1,0,0,0,1,1,0,1,0,1,7,3,0,0,0,0,1,1,4,5,0,0,0,2,2,0,0,1,3,0,0,1,0,4,0,0,0,1,0,0,2,1,0,1,0,0,0,1,1,0,2,0,5,2,2,0,0,1,1,1,0,2,0,2,1,0,2,2,2,0,0,2,1,0,0,1,0,2,1,1,1,4,0,0,0,1,4,2,0,3,0,1,0
0,1,2,6,5,2,2,1,0,0,0,0,4,5,1,8,1,10,2,1,2,11,1,0,0,7,14,1,3,0,11,1,0,1,1,2,1,4,0,0,14,4,0,0,1,0,0,3,1,0,3,3,1,0,7,5,0,3,1,6,8,5,0,2,5,1,1,1,2,1,2,0,3,3,4,6,1,2,2,5,1,3,2,0,14,2,3,0,6,1,3,1,3,1,4,0,2,1,3,1
5,1,0,10,10,0,9,1,1,2,1,0,5,6,1,12,2,17,5,1,0,15,1,7,6,11,15,0,0,6,17,3,1,3,4,13,1,5,2,2,4,0,0,0,0,1,0,8,7,3,1,7,1,0,9,5,0,5,2,14,14,1,0,2,2,1,6,1,3,3,4,3,6,0,8,11,5,0,4,6,4,1,2,1,24,11,3,4,4,2,1,5,2,4,8,1,6,3,2,2
1,1,2,9,1,2,7,2,3,0,0,2,2,8,2,14,1,15,2,0,1,28,0,1,1,3,6,3,5,0,6,3,0,0,2,7,1,0,0,2,12,2,0,0,2,1,2,1,4,1,3,11,0,0,9,4,0,7,1,15,3,6,0,0,6,4,0,2,1,1,2,5,1,3,3,6,0,1,2,4,0,0,0,0,11,3,0,4,11,0,5,1,3,4,4,3,2,4,1,5
2,0,0,7,2,0,7,0,6,0,0,3,4,2,0,2,0,10,8,0,0,17,0,1,1,3,10,1,1,0,6,0,2,1,0,4,4,0,1,1,1,1,0,0,1,0,0,3,13,1,0,7,1,1,6,2,0,5,1,8,5,1,1,0,1,2,4,0,0,1,4,0,6,1,1,9,0,0,6,1,0,3,2,0,1,2,0,0,3,0,4,0,2,1,5,2,11,1,3,3
5,0,2,5,1,1,9,2,3,0,1,3,6,4,1,8,1,4,5,0,1,15,3,3,3,2,16,2,6,1,13,3,1,3,1,11,2,2,4,1,15,2,1,1,7,0,0,1,12,3,5,7,1,1,12,3,2,6,1,26,2,15,3,5,10,2,3,2,4,3,6,4,1,1,6,15,0,2,6,8,1,1,1,1,14,9,2,0,9,2,5,4,2,2,12,1,5,3,0,5
3,0,0,1,5,3,3,1,0,0,3,3,6,4,1,6,2,28,2,0,2,5,1,3,2,9,17,3,1,1,18,1,3,2,4,7,1,0,0,2,13,1,0,0,5,1,4,7,6,1,2,4,4,0,3,4,0,4,3,9,10,6,0,1,9,5,0,3,3,2,3,3,0,4,7,7,3,2,3,5,0,0,3,0,22,6,3,1,6,2,2,7,3,4,4,4,3,4,1,3
4,0,0,8,11,2,16,4,6,0,1,1,8,8,4,15,5,12,13,1,4,29,0,2,3,13,24,5,8,5,25,1,2,4,3,13,3,2,1,4,26,1,1,0,5,3,0,13,11,1,6,9,2,0,14,12,3,7,5,23,22,13,3,1,11,4,3,3,1,2,8,6,8,8,8,15,4,3,3,9,2,6,4,1,27,4,2,3,16,1,3,3,6,8,14,3,18,4,8,3
1,0,0,0,1,0,1,0,1,0,0,0,3,1,0,2,0,6,0,0,0,0,0,0,1,2,1,0,0,0,3,0,0,1,0,0,0,1,1,1,0,0,0,0,1,0,1,0,1,1,0,0,1,0,0,1,0,0,1,0,4,0,0,1,0,1,0,0,0,0,0,1,1,0,2,3,0,0,1,0,1,0,0,0,4,0,0,0,2,0,0,0,0,3,0,1,0,1,1,0
0,0,0,0,1,0,0,0,0,0,0,0,1,0,0,2,1,2,0,0,0,1,1,0,0,0,3,0,0,0,3,0,0,0,1,0,0,0,0,0,3,0,0,0,1,0,0,2,1,0,1,1,0,0,1,2,0,0,0,1,4,0,0,0,0,1,0,0,0,0,0,2,1,0,0,1,0,0,1,1,0,0,0,0,2,1,0,0,2,1,0,2,0,0,3,2,1,0,0,0
3,1,1,7,2,3,4,4,3,0,3,1,7,6,2,13,0,12,1,1,0,15,1,1,2,8,17,1,4,1,14,0,2,3,4,1,1,3,0,5,20,3,2,0,4,0,1,6,2,0,10,10,2,2,3,6,2,0,1,2,9,14,1,2,11,4,4,0,1,0,0,1,6,1,2,1,0,0,5,0,0,0,2,1,13,1,1,2,16,0,0,5,2,4,1,5,2,2,2,3
1,2,1,2,3,2,2,1,0,0,1,2,4,4,0,2,1,32,7,0,2,2,1,2,1,8,10,2,3,1,11,1,2,1,2,5,0,1,2,4,6,3,0,1,0,2,0,3,5,1,2,1,0,0,1,3,0,8,1,18,6,3,2,1,2,3,2,1,0,1,2,2,6,4,5,6,3,2,1,2,0,3,2,2,7,3,1,2,5,0,1,3,1,3,3,5,2,3,3,0
4,3,0,11,6,3,16,1,10,2,2,3,5,7,3,13,3,42,4,0,1,24,0,9,3,20,22,2,2,8,31,3,2,5,4,12,1,4,2,5,0,2,2,1,1,1,3,8,15,1,1,20,2,0,15,6,2,9,3,20,17,3,1,2,1,6,3,6,1,3,7,4,7,0,6,21,5,0,6,14,4,6,5,1,22,11,0,5,8,1,8,2,4,5,8,2,9,3,7,6
3,1,1,2,5,0,4,2,1,1,0,2,9,5,4,4,1,10,3,1,4,8,0,1,0,2,12,0,4,3,4,0,0,2,1,2,2,4,2,0,20,7,3,0,2,1,1,4,3,0,4,2,0,0,1,6,2,2,1,6,15,12,0,1,8,2,1,0,5,0,1,2,9,4,7,1,0,1,3,0,2,3,7,3,9,2,1,0,8,3,1,3,1,3,2,5,1,2,1,3
2,0,0,0,6,0,1,3,0,0,1,2,1,0,0,3,1,26,4,1,0,2,1,2,0,6,22,2,0,0,12,1,0,0,5,5,1,2,1,0,6,6,1,0,1,1,1,1,2,1,3,2,0,1,2,2,1,1,1,2,5,4,0,0,5,0,5,0,3,2,2,2,2,2,1,4,1,0,10,1,2,1,0,0,14,3,0,2,3,2,3,1,0,6,5,2,3,2,2,2
5,3,2,15,10,5,12,4,8,1,3,0,9,7,2,25,1,67,0,2,1,30,1,3,1,11,31,1,1,8,42,0,1,4,6,1,3,5,1,7,25,6,2,1,5,1,1,13,4,2,4,6,2,3,18,11,2,1,2,3,14,10,1,1,9,6,4,0,12,0,3,0,16,6,9,6,4,1,11,3,4,1,5,1,34,9,3,1,17,0,5,5,0,10,2,5,2,3,7,1
0,1,0,1,1,0,1,0,0,0,0,0,0,0,0,1,0,1,1,0,1,0,0,0,0,1,1,0,0,0,0,0,0,0,0,0,0,0,0,0,0,1,0,0,0,1,0,0,0,0,0,0,0,0,0,0,0,0,0,1,0,0,0,0,0,1,0,0,1,0,0,0,0,0,1,0,0,0,0,0,0,0,0,0,0,3,0,0,0,1,0,2,0,0,0,0,0,0,1,1
9,2,2,15,6,1,15,2,9,2,2,3,13,17,1,16,2,41,10,3,3,37,2,6,3,5,15,2,6,3,13,4,3,3,8,12,1,1,6,2,17,9,1,3,6,1,5,7,10,3,3,12,0,1,18,8,3,12,6,23,34,11,0,2,6,6,1,2,3,4,10,5,10,2,16,25,4,1,4,7,1,7,7,4,14,12,1,9,7,8,8,6,3,3,12,6,11,6,10,6
9,1,0,9,9,0,12,8,10,2,3,10,12,8,0,18,0,3,14,3,2,27,1,4,2,10,18,4,9,4,21,6,3,5,3,17,0,6,4,0,26,4,1,0,3,1,1,6,20,3,4,12,5,0,10,10,0,13,2,19,15,11,1,4,12,5,3,2,5,5,6,12,8,2,7,25,5,2,4,19,1,5,4,2,12,7,0,7,14,3,9,2,5,7,14,4,9,1,3,5
2,0,0,1,1,0,0,0,1,0,1,0,1,1,0,1,1,4,0,0,0,1,0,1,0,1,5,1,1,0,8,0,0,0,2,4,0,2,0,1,3,0,0,0,0,0,1,1,0,0,1,0,0,0,0,0,0,4,0,3,3,0,0,0,1,2,0,0,0,0,0,3,2,1,4,5,0,1,0,0,1,0,1,0,3,0,0,1,4,0,1,1,0,0,2,0,1,0,2,1
3,5,1,16,7,4,26,3,10,2,2,1,10,4,5,33,3,65,6,1,7,73,2,3,0,8,31,0,6,6,28,1,3,1,1,2,4,7,0,5,19,1,0,3,4,4,4,6,9,3,8,17,3,1,33,4,1,5,0,11,12,6,2,3,7,3,5,2,9,3,8,2,7,1,9,16,2,2,9,6,7,2,3,0,35,13,6,6,10,3,2,6,6,4,8,2,4,2,2,8
10,2,4,13,5,0,13,3,4,2,6,4,6,6,10,10,2,69,8,0,2,18,1,4,1,4,20,1,6,3,17,5,3,3,2,12,3,2,4,8,10,5,5,2,3,5,2,2,23,4,1,7,1,2,6,5,4,13,4,39,19,4,2,1,5,4,2,6,0,5,4,8,5,2,4,26,2,1,4,10,2,3,4,0,15,4,5,12,13,8,10,4,6,3,21,4,15,4,7,6
9,0,3,20,4,2,24,4,8,1,1,2,6,10,0,30,0,21,2,0,1,57,1,3,2,1,1,2,7,5,2,6,3,4,1,9,2,1,9,5,13,6,1,1,5,3,2,8,32,1,8,26,2,1,26,5,2,8,3,11,17,6,0,1,7,1,0,6,4,1,6,13,5,6,5,49,3,2,2,20,0,3,4,1,2,1,1,5,6,3,15,0,13,0,38,6,25,3,4,11
3,1,0,6,5,0,6,0,3,2,0,1,3,5,0,10,1,3,2,0,0,13,1,2,1,7,7,3,1,2,13,4,0,1,3,5,0,3,2,1,7,1,1,1,3,1,0,4,7,1,3,10,1,0,12,1,0,0,0,6,8,3,0,0,3,5,0,1,1,1,2,3,3,0,4,6,0,0,3,2,1,0,2,1,8,2,2,3,5,1,2,1,1,5,7,1,3,0,5,0
0,1,1,3,0,0,1,1,1,1,1,1,2,1,1,4,0,7,5,1,1,6,1,2,0,4,9,0,2,0,12,2,0,1,7,3,0,1,3,2,7,0,2,1,1,0,0,3,2,0,2,3,0,0,1,2,0,1,0,2,2,8,0,0,5,4,1,1,1,0,0,1,1,1,3,7,1,0,1,3,2,3,0,1,10,6,0,0,2,0,1,0,0,4,5,2,5,0,0,4
2,3,0,9,0,0,5,1,2,1,1,2,4,1,1,5,1,18,1,0,0,11,1,0,1,5,8,0,3,0,11,1,0,0,2,2,2,2,1,2,5,2,1,0,1,0,0,1,5,0,3,6,1,1,6,2,2,3,0,4,2,4,0,1,2,2,2,4,1,1,3,3,2,1,5,11,0,0,4,4,2,1,3,0,11,1,1,1,4,3,4,1,1,3,2,1,2,0,2,0
4,0,0,6,9,1,1,1,4,1,3,3,7,3,2,2,0,14,5,1,1,0,1,0,3,10,26,1,3,1,20,3,2,0,4,12,2,2,3,1,9,2,1,1,0,0,0,2,10,0,3,2,4,0,4,5,1,11,0,11,3,3,2,1,4,2,2,5,2,3,5,5,4,3,4,19,2,2,5,7,6,2,1,4,24,10,1,6,6,3,6,4,3,5,8,2,4,0,4,6
8,2,1,12,3,3,9,2,5,2,1,4,7,3,2,13,3,49,8,1,0,21,4,3,2,7,13,1,3,1,15,0,2,4,3,13,5,3,1,3,21,3,2,0,3,1,0,4,2,1,5,18,3,1,11,5,2,5,3,15,12,7,2,0,5,3,4,5,1,3,4,6,6,1,7,7,2,0,5,10,2,3,4,2,19,2,1,4,10,3,0,2,1,6,5,5,5,1,1,1
2,0,0,1,0,0,2,0,0,0,1,0,1,0,1,1,0,13,1,0,2,2,0,1,1,3,6,0,1,0,6,2,1,1,1,4,0,1,0,2,2,1,0,0,1,0,1,2,6,2,0,2,2,1,3,2,0,5,0,10,6,2,1,1,1,4,1,0,2,0,1,1,3,0,3,1,3,0,3,3,0,2,2,0,0,4,0,0,2,0,2,2,0,2,3,4,3,1,4,2
5,1,1,17,10,0,19,6,3,0,2,3,11,10,6,14,0,33,2,1,0,35,6,3,1,22,53,0,4,2,46,3,3,6,8,5,0,9,2,5,36,4,3,1,6,0,2,9,5,1,5,10,1,2,13,9,2,2,4,5,19,13,1,0,10,8,4,1,5,1,2,2,13,6,11,9,3,2,6,3,2,0,4,1,44,20,2,4,19,1,0,5,3,11,9,3,1,5,9,0
4,1,1,9,2,2,10,0,0,1,2,1,3,1,4,12,1,39,8,0,2,20,1,3,1,2,8,0,1,1,6,1,0,1,1,4,2,4,0,6,2,3,0,1,1,2,3,4,9,0,0,7,1,1,13,2,2,4,1,3,9,3,1,1,0,1,0,0,0,0,6,4,4,1,7,7,3,0,1,7,0,2,1,1,11,4,2,2,3,0,2,4,2,1,6,0,1,2,3,1
3,1,2,6,5,2,7,5,2,1,2,2,7,10,1,6,0,57,1,1,2,11,0,3,0,3,6,1,6,4,4,1,0,5,4,3,1,3,2,2,13,4,1,0,3,3,3,7,11,0,4,7,2,3,6,4,0,2,4,4,19,5,0,0,7,1,0,2,3,1,4,4,3,5,8,19,3,1,3,12,3,2,3,0,12,4,1,2,13,0,10,1,3,5,7,9,11,4,6,3
4,1,0,2,4,0,4,1,1,1,2,2,1,0,0,1,1,15,5,0,1,3,0,3,2,3,8,2,2,1,6,0,0,1,2,2,0,3,3,1,4,1,0,1,1,1,1,1,1,1,1,1,0,1,1,5,0,4,0,10,4,1,0,0,2,2,2,2,3,0,0,2,0,1,0,6,1,0,1,0,0,0,1,1,4,2,0,3,1,0,1,2,1,2,1,1,3,2,0,0
0,1,1,4,1,0,3,1,0,0,1,0,1,1,1,7,2,16,2,0,0,9,0,2,1,2,1,1,0,1,6,0,0,0,1,2,0,0,1,1,1,0,0,0,0,1,2,1,1,1,0,3,0,0,7,0,1,1,0,2,0,2,0,1,0,2,0,1,0,0,1,0,0,0,2,1,0,0,1,5,1,0,0,0,9,1,0,1,0,0,3,2,0,1,0,0,1,0,0,2
5,0,0,4,1,0,5,0,7,0,2,1,9,2,0,6,0,10,5,0,0,13,2,4,1,4,1,0,5,2,7,0,2,3,4,8,0,1,0,2,13,5,1,1,3,0,1,1,4,0,5,4,0,1,9,5,0,11,1,11,8,6,1,1,5,1,0,0,1,1,6,0,2,3,4,14,4,3,0,8,0,5,0,3,4,3,1,4,13,3,5,0,3,3,10,1,6,1,3,2
3,3,2,11,15,2,14,2,7,3,1,2,6,5,2,18,4,65,8,1,2,19,1,5,5,13,24,2,0,6,25,8,3,6,4,15,0,7,6,5,12,4,0,4,2,4,2,13,10,4,1,13,1,0,15,6,1,23,3,34,23,3,2,2,3,6,2,5,2,7,7,6,13,1,11,13,2,2,4,9,4,6,5,3,37,11,3,2,5,4,7,7,8,7,9,4,13,5,10,4
3,0,1,4,6,2,4,2,0,1,1,0,4,8,2,2,2,28,10,0,1,6,1,5,2,8,17,4,3,1,13,0,0,1,4,3,1,1,1,1,8,3,1,0,3,2,2,6,2,2,4,3,1,2,2,1,1,13,3,13,9,5,1,1,3,4,0,2,0,2,2,1,7,4,7,12,2,3,3,1,0,0,1,1,16,1,0,1,9,1,4,7,3,1,5,3,5,5,4,0
0,0,0,0,1,0,0,0,0,1,0,0,0,0,0,0,0,1,1,0,0,3,0,0,0,0,1,0,0,0,0,0,1,0,0,2,1,0,0,0,0,0,0,0,0,0,0,1,1,0,0,1,0,0,1,1,0,1,0,0,0,0,0,0,0,0,0,0,0,1,2,0,0,0,0,0,0,0,0,0,0,0,0,0,4,0,0,0,0,0,1,0,0,1,2,0,0,0,0,0
5,3,0,3,10,1,9,5,4,0,0,4,7,7,1,7,0,35,10,2,1,8,0,1,3,1,7,2,4,0,3,2,1,1,2,8,1,3,1,1,4,1,0,2,5,3,1,5,2,0,1,6,1,1,5,8,4,10,2,23,8,5,1,0,6,6,0,1,2,6,2,0,4,2,3,1,3,1,1,7,1,0,1,1,3,3,0,3,5,2,4,2,1,2,2,3,1,0,6,0
2,1,0,8,14,1,10,5,0,2,3,0,7,6,1,7,4,11,0,2,1,17,4,7,0,17,28,4,4,2,31,3,2,0,4,3,3,5,1,0,17,3,2,0,6,0,1,6,5,0,3,3,0,1,9,2,1,1,0,0,12,8,1,2,7,7,6,1,6,1,2,4,4,3,11,9,5,2,9,2,2,1,3,2,42,12,1,3,7,0,3,4,1,3,8,3,3,4,4,3
